TransactionID,CustomerID,OrderDate,Amount,Email
T102159,CUST00111,23-11-2024,99.91,cust00111@example.com
T101962,CUST00098,16-06-2024,107.18,cust00098@example.com
T100240,CUST00008,13-06-2024,239.88,cust00008@example.com
T102554,CUST00139,29-08-2024,34.34,cust00139@example.com
T101626,CUST00074,14-11-2024,56.07,cust00074@example.com
T103070,CUST00218,16-05-2024,72.4,cust00218@example.com
T100527,CUST00018,24-03-2024,126.48,cust00018@example.com
T102354,CUST00124,12-06-2024,97.92,cust00124@example.com
T103305,CUST00297,29-11-2023,30.77,cust00297@example.com
T101929,CUST00096,02-11-2024,45.19,cust00096@example.com
T102252,CUST00118,23-07-2024,93.54,cust00118@example.com
T100321,CUST00011,09-08-2024,201.48,cust00011@example.com
T101146,CUST00041,22-11-2024,215.56,cust00041@example.com
T100829,CUST00029,16-07-2024,156.88,cust00029@example.com
T102415,CUST00128,21-02-2024,117.12,cust00128@example.com
T102902,CUST00194,20-02-2024,30,cust00194@example.com
T100354,CUST00012,20-07-2024,92,cust00012@example.com
T100809,CUST00029,08-03-2024,99.25,cust00029@example.com
T101242,CUST00045,05-07-2024,211.06,cust00045@example.com
T101614,CUST00074,03-06-2024,66.64,cust00074@example.com
T100239,CUST00008,01-10-2024,110.11,cust00008@example.com
T101362,CUST00054,02-06-2024,89.84,cust00054@example.com
T100964,CUST00034,24-06-2024,129.08,cust00034@example.com
T101414,CUST00058,17-07-2024,82.49,cust00058@example.com
T100463,CUST00016,12-09-2024,179.17,cust00016@example.com
T101483,CUST00063,06-04-2024,40.46,cust00063@example.com
T100203,CUST00007,27-06-2024,232.75,cust00007@example.com
T100194,CUST00007,05-03-2024,137.64,cust00007@example.com
T100978,CUST00034,09-03-2024,164.38,cust00034@example.com
T102516,CUST00135,01-04-2024,41.53,cust00135@example.com
T100314,CUST00011,24-10-2024,222.12,cust00011@example.com
T100790,CUST00028,06-03-2024,106.07,cust00028@example.com
T100139,CUST00005,22-12-2024,245.2,cust00005@example.com
T102873,CUST00189,21-10-2024,55.17,cust00189@example.com
T100602,CUST00021,26-10-2024,110.09,cust00021@example.com
T100291,CUST00009,23-07-2024,86.35,cust00009@example.com
T100030,CUST00001,12-07-2024,183.28,cust00001@example.com
T102314,CUST00122,09-05-2024,119.43,cust00122@example.com
T103136,CUST00232,25-11-2023,48.43,cust00232@example.com
T100611,CUST00021,03-06-2024,215.9,cust00021@example.com
T101609,CUST00073,28-06-2024,83.2,cust00073@example.com
T101057,CUST00038,19-06-2024,148.33,cust00038@example.com
T102943,CUST00201,26-12-2023,72.87,cust00201@example.com
T100761,CUST00026,20-11-2024,132.99,cust00026@example.com
T101181,CUST00043,18-03-2024,138.12,cust00043@example.com
T101641,CUST00075,21-04-2024,107.36,cust00075@example.com
T101723,CUST00080,24-06-2024,48.08,cust00080@example.com
T100322,CUST00011,15-09-2024,192.23,cust00011@example.com
T101509,CUST00066,10-12-2024,101.19,cust00066@example.com
T102655,CUST00155,31-03-2024,54.99,cust00155@example.com
T100134,CUST00005,05-10-2024,240.29,cust00005@example.com
T102634,CUST00152,07-04-2024,72.78,cust00152@example.com
T101576,CUST00071,19-03-2024,41.89,cust00071@example.com
T100969,CUST00034,05-06-2024,160.93,cust00034@example.com
T100032,CUST00001,14-11-2024,91.06,cust00001@example.com
T100501,CUST00017,24-04-2024,171.14,cust00017@example.com
T102639,CUST00153,08-02-2024,72.15,cust00153@example.com
T102761,CUST00174,12-12-2023,30.47,cust00174@example.com
T102909,CUST00195,28-10-2023,48.24,cust00195@example.com
T100070,CUST00003,12-03-2024,211.28,cust00003@example.com
T102474,CUST00132,10-11-2024,82.67,cust00132@example.com
T101094,CUST00039,15-12-2024,119.21,cust00039@example.com
T103081,CUST00220,01-11-2023,82.98,cust00220@example.com
T102176,CUST00112,26-07-2024,62.34,cust00112@example.com
T103075,CUST00219,29-12-2023,81.97,cust00219@example.com
T101041,CUST00037,28-04-2024,214.42,cust00037@example.com
T102183,CUST00113,19-05-2024,64.32,cust00113@example.com
T103244,CUST00273,14-12-2023,46.6,cust00273@example.com
T101927,CUST00096,10-09-2024,78.48,cust00096@example.com
T100838,CUST00029,09-12-2024,178.7,cust00029@example.com
T102118,CUST00109,29-03-2024,46.68,cust00109@example.com
T100387,CUST00013,07-06-2024,110.16,cust00013@example.com
T101067,CUST00038,10-07-2024,98.78,cust00038@example.com
T100052,CUST00002,30-08-2024,239.71,cust00002@example.com
T101575,CUST00071,02-07-2024,47.66,cust00071@example.com
T102673,CUST00159,23-04-2024,41.95,cust00159@example.com
T102553,CUST00139,23-02-2024,86.86,cust00139@example.com
T100017,CUST00001,21-09-2024,169.21,cust00001@example.com
T101501,CUST00065,20-09-2024,78.33,cust00065@example.com
T101703,CUST00078,22-10-2024,80.49,cust00078@example.com
T100325,CUST00011,18-08-2024,205.44,cust00011@example.com
T102922,CUST00197,12-11-2023,79.01,cust00197@example.com
T102115,CUST00109,03-05-2024,52.17,cust00109@example.com
T100718,CUST00025,05-08-2024,101.13,cust00025@example.com
T102103,CUST00108,27-02-2024,95.67,cust00108@example.com
T100478,CUST00016,08-10-2024,244.78,cust00016@example.com
T100817,CUST00029,06-04-2024,147.83,cust00029@example.com
T101441,CUST00060,24-11-2024,47.51,cust00060@example.com
T101632,CUST00074,01-08-2024,93.19,cust00074@example.com
T101783,CUST00084,23-05-2024,90.98,cust00084@example.com
T102819,CUST00181,21-02-2024,51.42,cust00181@example.com
T100479,CUST00016,20-12-2024,168.93,cust00016@example.com
T101395,CUST00056,26-03-2024,106.31,cust00056@example.com
T102030,CUST00103,11-05-2024,55.85,cust00103@example.com
T100170,CUST00006,30-10-2024,195.19,cust00006@example.com
T100080,CUST00003,05-09-2024,226.73,cust00003@example.com
T101255,CUST00047,31-05-2024,74.42,cust00047@example.com
T100439,CUST00014,08-03-2024,93.83,cust00014@example.com
T100093,CUST00004,03-03-2024,175.42,cust00004@example.com
T100449,CUST00015,16-05-2024,94.2,cust00015@example.com
T102727,CUST00167,02-01-2024,43.69,cust00167@example.com
T103225,CUST00266,18-05-2024,55.09,cust00266@example.com
T100937,CUST00033,06-05-2024,235.43,cust00033@example.com
T101793,CUST00085,06-04-2024,94.42,cust00085@example.com
T101457,CUST00061,05-03-2024,94.12,cust00061@example.com
T100599,CUST00020,22-08-2024,86.95,cust00020@example.com
T100229,CUST00008,17-12-2024,187.29,cust00008@example.com
T101839,CUST00090,02-11-2024,57.97,cust00090@example.com
T102319,CUST00122,04-11-2024,72.88,cust00122@example.com
T102716,CUST00165,20-06-2024,68.79,cust00165@example.com
T103086,CUST00220,08-07-2024,54.49,cust00220@example.com
T101370,CUST00054,25-05-2024,117.71,cust00054@example.com
T101651,CUST00075,07-10-2024,64.25,cust00075@example.com
T100679,CUST00023,27-08-2024,227.14,cust00023@example.com
T102376,CUST00126,21-10-2024,64.51,cust00126@example.com
T102390,CUST00126,01-12-2024,69.96,cust00126@example.com
T101124,CUST00040,16-07-2024,191.39,cust00040@example.com
T101159,CUST00042,26-04-2024,84.97,cust00042@example.com
T103151,CUST00237,04-07-2023,26.18,cust00237@example.com
T100864,CUST00030,17-12-2024,148.13,cust00030@example.com
T102308,CUST00122,31-07-2024,49.11,cust00122@example.com
T102304,CUST00122,25-05-2024,114.54,cust00122@example.com
T100295,CUST00009,18-03-2024,168.78,cust00009@example.com
T102641,CUST00153,21-05-2024,36.32,cust00153@example.com
T101003,CUST00035,10-06-2024,204.48,cust00035@example.com
T100789,CUST00028,18-07-2024,241.04,cust00028@example.com
T102223,CUST00116,08-06-2024,59.35,cust00116@example.com
T101226,CUST00045,22-03-2024,147.59,cust00045@example.com
T102971,CUST00205,03-10-2024,39.78,cust00205@example.com
T102628,CUST00150,06-04-2024,59.63,cust00150@example.com
T100183,CUST00006,26-11-2024,229.15,cust00006@example.com
T100423,CUST00014,08-07-2024,164.05,cust00014@example.com
T102743,CUST00171,21-05-2024,38.45,cust00171@example.com
T101105,CUST00039,30-11-2024,109.56,cust00039@example.com
T101566,CUST00070,22-08-2024,93.4,cust00070@example.com
T103160,CUST00241,09-04-2024,34.98,cust00241@example.com
T100874,CUST00031,02-11-2024,84.32,cust00031@example.com
T101916,CUST00095,04-07-2024,110.9,cust00095@example.com
T100414,CUST00014,02-12-2024,187.41,cust00014@example.com
T100486,CUST00016,27-11-2024,87.73,cust00016@example.com
T100102,CUST00004,11-11-2024,133.44,cust00004@example.com
T101689,CUST00077,06-06-2024,101.18,cust00077@example.com
T101330,CUST00052,21-06-2024,84.43,cust00052@example.com
T101769,CUST00084,17-03-2024,71.56,cust00084@example.com
T100544,CUST00018,26-03-2024,185.08,cust00018@example.com
T102913,CUST00196,23-05-2024,88.01,cust00196@example.com
T100921,CUST00032,11-06-2024,162.86,cust00032@example.com
T100764,CUST00026,04-10-2024,85.7,cust00026@example.com
T103035,CUST00213,05-11-2023,46.58,cust00213@example.com
T101204,CUST00044,26-10-2024,163.07,cust00044@example.com
T100999,CUST00035,09-06-2024,155.82,cust00035@example.com
T101174,CUST00042,14-07-2024,187.78,cust00042@example.com
T103058,CUST00216,11-04-2024,34.54,cust00216@example.com
T100076,CUST00003,14-07-2024,211.12,cust00003@example.com
T101263,CUST00047,11-11-2024,76.42,cust00047@example.com
T100879,CUST00031,15-08-2024,117.74,cust00031@example.com
T103155,CUST00239,31-10-2023,44.22,cust00239@example.com
T102963,CUST00204,13-10-2024,88.71,cust00204@example.com
T100705,CUST00024,04-08-2024,248.29,cust00024@example.com
T101074,CUST00038,14-10-2024,247.91,cust00038@example.com
T101628,CUST00074,19-04-2024,47.73,cust00074@example.com
T101572,CUST00070,12-08-2024,98.95,cust00070@example.com
T102698,CUST00163,12-08-2024,76.44,cust00163@example.com
T100805,CUST00029,21-08-2024,205.2,cust00029@example.com
T103042,CUST00214,14-06-2024,36.8,cust00214@example.com
T100279,CUST00009,17-03-2024,215.28,cust00009@example.com
T102155,CUST00111,02-09-2024,59.19,cust00111@example.com
T101706,CUST00079,29-04-2024,91.27,cust00079@example.com
T101454,CUST00061,11-07-2024,42.43,cust00061@example.com
T101525,CUST00067,13-04-2024,60.54,cust00067@example.com
T102500,CUST00134,09-03-2024,106.2,cust00134@example.com
T102333,CUST00123,07-11-2024,94.93,cust00123@example.com
T100430,CUST00014,10-07-2024,104.31,cust00014@example.com
T102645,CUST00154,06-06-2024,51.6,cust00154@example.com
T103024,CUST00212,05-02-2024,33.4,cust00212@example.com
T100461,CUST00016,17-07-2024,190.37,cust00016@example.com
T103109,CUST00224,28-04-2024,66.8,cust00224@example.com
T102691,CUST00161,10-11-2023,65.71,cust00161@example.com
T102400,CUST00127,29-02-2024,67.25,cust00127@example.com
T100443,CUST00015,04-08-2024,143.01,cust00015@example.com
T100940,CUST00033,12-06-2024,126.59,cust00033@example.com
T102458,CUST00131,26-03-2024,79.11,cust00131@example.com
T103059,CUST00216,31-03-2024,87.09,cust00216@example.com
T101423,CUST00058,28-03-2024,51.87,cust00058@example.com
T103096,CUST00222,11-05-2024,88.62,cust00222@example.com
T100642,CUST00022,12-07-2024,115.95,cust00022@example.com
T101192,CUST00043,18-07-2024,138.8,cust00043@example.com
T100742,CUST00026,18-11-2024,207.09,cust00026@example.com
T100997,CUST00035,21-07-2024,103.26,cust00035@example.com
T100309,CUST00010,23-07-2024,126.04,cust00010@example.com
T102590,CUST00144,19-03-2024,79.35,cust00144@example.com
T100257,CUST00008,17-07-2024,198.33,cust00008@example.com
T100298,CUST00010,09-04-2024,185.89,cust00010@example.com
T100567,CUST00019,20-09-2024,154.37,cust00019@example.com
T102868,CUST00189,19-05-2024,46.95,cust00189@example.com
T100433,CUST00014,16-03-2024,97.19,cust00014@example.com
T100238,CUST00008,24-11-2024,189.73,cust00008@example.com
T100184,CUST00006,14-12-2024,123.85,cust00006@example.com
T100192,CUST00007,19-10-2024,233.07,cust00007@example.com
T101213,CUST00044,03-07-2024,215.12,cust00044@example.com
T101746,CUST00082,26-11-2024,41.54,cust00082@example.com
T102668,CUST00158,22-01-2024,74.32,cust00158@example.com
T100026,CUST00001,10-07-2024,113.94,cust00001@example.com
T100680,CUST00023,26-07-2024,218.9,cust00023@example.com
T101748,CUST00082,07-03-2024,100.82,cust00082@example.com
T102576,CUST00142,02-03-2024,88.74,cust00142@example.com
T100144,CUST00005,20-06-2024,128.42,cust00005@example.com
T100152,CUST00005,18-04-2024,104.63,cust00005@example.com
T102398,CUST00127,04-05-2024,91.67,cust00127@example.com
T102335,CUST00123,10-07-2024,70.71,cust00123@example.com
T103012,CUST00210,09-06-2024,48.41,cust00210@example.com
T100729,CUST00025,29-09-2024,107.82,cust00025@example.com
T100903,CUST00032,23-03-2024,179.12,cust00032@example.com
T102580,CUST00142,28-03-2024,37.38,cust00142@example.com
T100411,CUST00014,04-03-2024,241.51,cust00014@example.com
T102464,CUST00131,15-05-2024,89.65,cust00131@example.com
T102893,CUST00192,30-04-2024,69.28,cust00192@example.com
T100256,CUST00008,23-11-2024,239.15,cust00008@example.com
T101538,CUST00068,30-10-2024,54.52,cust00068@example.com
T102606,CUST00147,27-03-2024,32.81,cust00147@example.com
T102364,CUST00125,02-06-2024,86.18,cust00125@example.com
T101801,CUST00086,28-02-2024,99,cust00086@example.com
T101864,CUST00091,09-05-2024,118.77,cust00091@example.com
T100952,CUST00033,07-09-2024,109.81,cust00033@example.com
T102344,CUST00124,05-06-2024,115.34,cust00124@example.com
T102494,CUST00133,02-03-2024,80.9,cust00133@example.com
T101608,CUST00073,12-06-2024,58.7,cust00073@example.com
T100557,CUST00019,18-10-2024,84.89,cust00019@example.com
T101080,CUST00039,31-03-2024,213.68,cust00039@example.com
T102499,CUST00134,30-11-2024,72.61,cust00134@example.com
T100178,CUST00006,09-09-2024,239.24,cust00006@example.com
T101652,CUST00075,21-11-2024,61.05,cust00075@example.com
T102138,CUST00110,03-06-2024,54.99,cust00110@example.com
T102986,CUST00207,08-04-2024,33.1,cust00207@example.com
T101374,CUST00055,01-05-2024,59.78,cust00055@example.com
T101582,CUST00071,01-09-2024,87.56,cust00071@example.com
T101860,CUST00091,30-11-2024,102.12,cust00091@example.com
T102309,CUST00122,09-08-2024,67.62,cust00122@example.com
T103053,CUST00215,19-08-2024,47.25,cust00215@example.com
T100051,CUST00002,17-11-2024,211.77,cust00002@example.com
T102614,CUST00148,30-07-2024,48.98,cust00148@example.com
T101552,CUST00069,18-12-2024,105.54,cust00069@example.com
T102270,CUST00119,14-09-2024,48.34,cust00119@example.com
T100014,CUST00001,17-04-2024,110.91,cust00001@example.com
T100594,CUST00020,03-05-2024,232.45,cust00020@example.com
T100173,CUST00006,28-11-2024,118.5,cust00006@example.com
T102529,CUST00136,23-05-2024,89.87,cust00136@example.com
T101871,CUST00092,30-11-2024,57.08,cust00092@example.com
T100432,CUST00014,26-07-2024,185.1,cust00014@example.com
T100495,CUST00017,11-05-2024,140.07,cust00017@example.com
T100174,CUST00006,10-07-2024,189.68,cust00006@example.com
T100867,CUST00030,25-07-2024,110.93,cust00030@example.com
T100044,CUST00002,25-06-2024,123.99,cust00002@example.com
T101424,CUST00059,15-03-2024,118.93,cust00059@example.com
T100932,CUST00032,29-03-2024,247.35,cust00032@example.com
T102788,CUST00177,12-02-2024,87.09,cust00177@example.com
T103200,CUST00257,14-04-2024,39.9,cust00257@example.com
T101940,CUST00096,10-02-2024,44.68,cust00096@example.com
T100299,CUST00010,11-08-2024,94.51,cust00010@example.com
T103153,CUST00238,26-09-2023,34.24,cust00238@example.com
T100759,CUST00026,14-09-2024,214.06,cust00026@example.com
T102091,CUST00106,22-03-2024,117.16,cust00106@example.com
T101447,CUST00061,10-09-2024,107.05,cust00061@example.com
T100063,CUST00003,26-09-2024,140.65,cust00003@example.com
T100331,CUST00011,29-05-2024,208.83,cust00011@example.com
T103138,CUST00232,22-10-2023,38.47,cust00232@example.com
T101842,CUST00090,08-06-2024,75.15,cust00090@example.com
T102983,CUST00207,22-06-2024,79.03,cust00207@example.com
T100871,CUST00031,08-09-2024,126.03,cust00031@example.com
T100254,CUST00008,03-03-2024,108.81,cust00008@example.com
T103245,CUST00273,03-06-2024,22.73,cust00273@example.com
T100289,CUST00009,31-07-2024,180.44,cust00009@example.com
T101187,CUST00043,05-07-2024,91.53,cust00043@example.com
T103281,CUST00287,06-10-2023,23.25,cust00287@example.com
T100124,CUST00005,04-05-2024,118.75,cust00005@example.com
T101211,CUST00044,30-10-2024,156.74,cust00044@example.com
T100263,CUST00008,28-03-2024,168.12,cust00008@example.com
T100511,CUST00017,14-11-2024,151.1,cust00017@example.com
T103229,CUST00268,07-11-2023,25.01,cust00268@example.com
T101173,CUST00042,22-03-2024,124.17,cust00042@example.com
T100765,CUST00026,24-03-2024,176.88,cust00026@example.com
T100332,CUST00011,12-08-2024,82.45,cust00011@example.com
T100810,CUST00029,02-03-2024,247.42,cust00029@example.com
T100450,CUST00015,16-05-2024,212.11,cust00015@example.com
T100621,CUST00021,26-03-2024,115.59,cust00021@example.com
T100807,CUST00029,11-11-2024,237.35,cust00029@example.com
T103198,CUST00257,06-02-2024,19.62,cust00257@example.com
T102230,CUST00117,27-06-2024,99.46,cust00117@example.com
T102874,CUST00189,20-04-2024,76.82,cust00189@example.com
T100889,CUST00031,16-04-2024,121.34,cust00031@example.com
T101397,CUST00056,15-06-2024,59.9,cust00056@example.com
T100120,CUST00005,26-10-2024,217.26,cust00005@example.com
T102262,CUST00119,20-02-2024,111.4,cust00119@example.com
T101089,CUST00039,02-06-2024,119.38,cust00039@example.com
T101052,CUST00037,14-11-2024,239.64,cust00037@example.com
T100438,CUST00014,26-09-2024,200.06,cust00014@example.com
T102948,CUST00201,29-08-2024,52.16,cust00201@example.com
T103008,CUST00209,03-05-2024,70.44,cust00209@example.com
T101023,CUST00036,27-07-2024,245.08,cust00036@example.com
T101132,CUST00041,11-12-2024,93.78,cust00041@example.com
T101752,CUST00083,13-07-2024,40.97,cust00083@example.com
T100109,CUST00004,13-06-2024,93.09,cust00004@example.com
T101749,CUST00082,16-07-2024,50.97,cust00082@example.com
T102242,CUST00118,14-09-2024,86.62,cust00118@example.com
T100214,CUST00007,18-09-2024,201.07,cust00007@example.com
T102688,CUST00161,08-04-2024,59.57,cust00161@example.com
T103250,CUST00275,10-08-2023,38.96,cust00275@example.com
T101270,CUST00048,13-07-2024,95.6,cust00048@example.com
T102989,CUST00207,30-11-2023,81.76,cust00207@example.com
T103034,CUST00213,08-06-2024,46.67,cust00213@example.com
T102566,CUST00141,04-04-2024,43.94,cust00141@example.com
T102148,CUST00111,14-07-2024,79.54,cust00111@example.com
T101468,CUST00062,04-05-2024,109.66,cust00062@example.com
T102299,CUST00121,16-03-2024,67.11,cust00121@example.com
T101426,CUST00059,21-11-2024,40.4,cust00059@example.com
T100812,CUST00029,12-08-2024,101.19,cust00029@example.com
T102958,CUST00203,26-03-2024,46.44,cust00203@example.com
T100045,CUST00002,07-03-2024,192.63,cust00002@example.com
T102678,CUST00160,06-08-2024,36.69,cust00160@example.com
T100218,CUST00007,15-10-2024,190.44,cust00007@example.com
T101511,CUST00066,31-08-2024,97.45,cust00066@example.com
T101018,CUST00036,26-09-2024,235.63,cust00036@example.com
T102328,CUST00123,05-08-2024,90.91,cust00123@example.com
T101784,CUST00084,05-05-2024,92.75,cust00084@example.com
T101551,CUST00069,19-08-2024,88.13,cust00069@example.com
T103161,CUST00242,24-07-2023,15.99,cust00242@example.com
T100251,CUST00008,26-07-2024,145.47,cust00008@example.com
T100905,CUST00032,30-06-2024,231.75,cust00032@example.com
T100554,CUST00019,29-05-2024,229.03,cust00019@example.com
T102894,CUST00192,16-11-2023,39.1,cust00192@example.com
T100631,CUST00021,16-05-2024,232.19,cust00021@example.com
T102974,CUST00206,03-01-2024,53.06,cust00206@example.com
T100393,CUST00013,12-04-2024,211.99,cust00013@example.com
T100578,CUST00019,21-05-2024,163.66,cust00019@example.com
T101073,CUST00038,26-10-2024,83.04,cust00038@example.com
T100507,CUST00017,19-04-2024,219.83,cust00017@example.com
T100907,CUST00032,16-03-2024,138.11,cust00032@example.com
T102795,CUST00178,04-11-2023,65.61,cust00178@example.com
T102394,CUST00127,19-10-2024,111.21,cust00127@example.com
T102290,CUST00121,28-03-2024,88.86,cust00121@example.com
T102930,CUST00199,12-05-2024,65.44,cust00199@example.com
T103013,CUST00210,01-10-2024,51.18,cust00210@example.com
T101298,CUST00050,12-03-2024,90.91,cust00050@example.com
T101231,CUST00045,07-09-2024,119.09,cust00045@example.com
T100000,CUST00001,19-12-2024,143.67,cust00001@example.com
T100610,CUST00021,14-06-2024,86.68,cust00021@example.com
T101650,CUST00075,30-07-2024,42.89,cust00075@example.com
T103187,CUST00252,20-02-2023,30.92,cust00252@example.com
T100457,CUST00015,09-04-2024,159.67,cust00015@example.com
T101103,CUST00039,28-03-2024,237.72,cust00039@example.com
T100506,CUST00017,01-04-2024,234.86,cust00017@example.com
T102329,CUST00123,14-08-2024,44.09,cust00123@example.com
T101926,CUST00096,31-05-2024,87.06,cust00096@example.com
T100211,CUST00007,05-07-2024,197.62,cust00007@example.com
T100538,CUST00018,26-04-2024,156.59,cust00018@example.com
T100346,CUST00011,16-10-2024,187.97,cust00011@example.com
T100270,CUST00009,08-06-2024,217.59,cust00009@example.com
T100912,CUST00032,18-09-2024,186.11,cust00032@example.com
T103260,CUST00279,20-11-2023,24.19,cust00279@example.com
T101517,CUST00066,25-07-2024,111.84,cust00066@example.com
T100612,CUST00021,13-09-2024,186.74,cust00021@example.com
T100654,CUST00022,11-07-2024,153.38,cust00022@example.com
T100149,CUST00005,07-03-2024,127.37,cust00005@example.com
T100962,CUST00034,04-08-2024,121.71,cust00034@example.com
T102793,CUST00178,24-06-2024,45.57,cust00178@example.com
T102097,CUST00107,15-10-2024,90.77,cust00107@example.com
T100976,CUST00034,31-08-2024,181.16,cust00034@example.com
T102507,CUST00134,12-08-2024,75.13,cust00134@example.com
T102028,CUST00103,30-06-2024,60.52,cust00103@example.com
T102108,CUST00108,28-02-2024,62.15,cust00108@example.com
T100033,CUST00001,20-06-2024,241.31,cust00001@example.com
T100179,CUST00006,27-12-2024,103.38,cust00006@example.com
T101830,CUST00089,08-05-2024,118.4,cust00089@example.com
T101472,CUST00063,22-04-2024,110.28,cust00063@example.com
T103106,CUST00223,03-12-2023,73.41,cust00223@example.com
T100798,CUST00028,10-04-2024,198.43,cust00028@example.com
T103240,CUST00271,04-07-2023,33.71,cust00271@example.com
T103111,CUST00224,03-01-2024,44.52,cust00224@example.com
T102467,CUST00132,14-09-2024,43.16,cust00132@example.com
T102408,CUST00127,02-03-2024,119.04,cust00127@example.com
T102034,CUST00103,06-07-2024,88.68,cust00103@example.com
T100785,CUST00028,11-10-2024,234.44,cust00028@example.com
T101775,CUST00084,04-10-2024,65.23,cust00084@example.com
T100605,CUST00021,29-10-2024,158.33,cust00021@example.com
T102092,CUST00107,26-04-2024,56.3,cust00107@example.com
T101894,CUST00093,22-03-2024,84.41,cust00093@example.com
T101361,CUST00054,01-11-2024,56.85,cust00054@example.com
T102980,CUST00206,27-05-2024,56.26,cust00206@example.com
T100756,CUST00026,01-12-2024,185.41,cust00026@example.com
T101055,CUST00038,22-10-2024,139.62,cust00038@example.com
T101429,CUST00059,30-08-2024,109.43,cust00059@example.com
T102732,CUST00168,12-07-2024,33.47,cust00168@example.com
T100188,CUST00006,31-08-2024,170.04,cust00006@example.com
T101951,CUST00097,24-05-2024,57.65,cust00097@example.com
T101385,CUST00056,27-10-2024,66.02,cust00056@example.com
T101497,CUST00065,19-11-2024,77.08,cust00065@example.com
T100727,CUST00025,21-05-2024,215.2,cust00025@example.com
T103235,CUST00270,26-12-2023,25.54,cust00270@example.com
T100564,CUST00019,17-05-2024,139.6,cust00019@example.com
T102064,CUST00105,06-05-2024,44.16,cust00105@example.com
T101475,CUST00063,02-11-2024,93.41,cust00063@example.com
T102057,CUST00104,28-02-2024,72.94,cust00104@example.com
T100324,CUST00011,18-09-2024,242.33,cust00011@example.com
T100442,CUST00014,19-03-2024,143.63,cust00014@example.com
T100712,CUST00025,03-04-2024,160.17,cust00025@example.com
T100246,CUST00008,22-05-2024,152.79,cust00008@example.com
T100058,CUST00002,05-10-2024,87.69,cust00002@example.com
T103272,CUST00283,30-01-2024,47.55,cust00283@example.com
T101487,CUST00064,05-06-2024,95.64,cust00064@example.com
T102595,CUST00145,13-06-2024,76.52,cust00145@example.com
T102717,CUST00165,18-06-2024,88.45,cust00165@example.com
T102865,CUST00188,18-09-2024,64.81,cust00188@example.com
T100157,CUST00005,23-04-2024,209.48,cust00005@example.com
T102815,CUST00180,06-07-2024,76.3,cust00180@example.com
T102287,CUST00121,11-03-2024,66.51,cust00121@example.com
T103018,CUST00211,07-07-2024,34.1,cust00211@example.com
T101029,CUST00036,16-11-2024,220.92,cust00036@example.com
T100676,CUST00023,01-08-2024,99.05,cust00023@example.com
T102272,CUST00119,20-10-2024,79.01,cust00119@example.com
T101886,CUST00093,26-09-2024,40.75,cust00093@example.com
T100596,CUST00020,18-03-2024,193.48,cust00020@example.com
T101612,CUST00073,22-04-2024,82.64,cust00073@example.com
T103021,CUST00211,13-04-2024,55.97,cust00211@example.com
T102009,CUST00101,30-08-2024,79.01,cust00101@example.com
T101071,CUST00038,23-07-2024,119.71,cust00038@example.com
T100274,CUST00009,10-03-2024,166.93,cust00009@example.com
T100942,CUST00033,17-07-2024,190.74,cust00033@example.com
T103169,CUST00244,21-06-2023,33.44,cust00244@example.com
T101210,CUST00044,16-07-2024,152.45,cust00044@example.com
T102670,CUST00158,03-01-2024,68.69,cust00158@example.com
T102475,CUST00133,21-03-2024,109.6,cust00133@example.com
T100175,CUST00006,20-12-2024,109.64,cust00006@example.com
T103014,CUST00211,26-02-2024,67.28,cust00211@example.com
T100862,CUST00030,27-04-2024,169.15,cust00030@example.com
T100670,CUST00023,28-08-2024,109.47,cust00023@example.com
T101432,CUST00059,27-03-2024,79.11,cust00059@example.com
T101691,CUST00077,18-02-2024,80.21,cust00077@example.com
T101295,CUST00049,10-09-2024,56.01,cust00049@example.com
T100416,CUST00014,24-12-2024,129.85,cust00014@example.com
T101779,CUST00084,24-09-2024,107.27,cust00084@example.com
T101744,CUST00082,23-02-2024,73.29,cust00082@example.com
T102269,CUST00119,26-04-2024,80.99,cust00119@example.com
T100736,CUST00026,11-03-2024,146.72,cust00026@example.com
T101859,CUST00091,09-04-2024,98.28,cust00091@example.com
T101721,CUST00080,06-07-2024,49.71,cust00080@example.com
T100485,CUST00016,29-04-2024,233.2,cust00016@example.com
T101713,CUST00079,18-10-2024,76.78,cust00079@example.com
T101613,CUST00073,02-09-2024,65.95,cust00073@example.com
T101563,CUST00070,26-08-2024,61.98,cust00070@example.com
T102407,CUST00127,12-06-2024,57.43,cust00127@example.com
T100315,CUST00011,18-08-2024,198.32,cust00011@example.com
T101032,CUST00036,03-06-2024,119.1,cust00036@example.com
T102753,CUST00173,12-06-2024,50.71,cust00173@example.com
T101536,CUST00068,13-05-2024,54.49,cust00068@example.com
T102672,CUST00159,24-12-2023,72.79,cust00159@example.com
T101578,CUST00071,04-03-2024,88.57,cust00071@example.com
T102586,CUST00144,11-04-2024,34.31,cust00144@example.com
T101883,CUST00093,01-05-2024,100.89,cust00093@example.com
T102647,CUST00154,03-05-2024,60.02,cust00154@example.com
T101861,CUST00091,03-06-2024,92.49,cust00091@example.com
T101577,CUST00071,18-05-2024,91.36,cust00071@example.com
T101258,CUST00047,20-02-2024,45.14,cust00047@example.com
T102293,CUST00121,17-10-2024,81.33,cust00121@example.com
T100296,CUST00009,10-11-2024,210.9,cust00009@example.com
T101831,CUST00089,18-05-2024,88.15,cust00089@example.com
T101188,CUST00043,07-05-2024,131.16,cust00043@example.com
T101791,CUST00085,29-03-2024,98.99,cust00085@example.com
T102551,CUST00139,09-06-2024,36.66,cust00139@example.com
T100266,CUST00009,27-09-2024,198.49,cust00009@example.com
T102466,CUST00132,11-03-2024,71.61,cust00132@example.com
T100196,CUST00007,23-08-2024,203.41,cust00007@example.com
T100402,CUST00013,15-08-2024,165.89,cust00013@example.com
T101344,CUST00053,21-09-2024,99.42,cust00053@example.com
T102715,CUST00165,30-12-2023,47.99,cust00165@example.com
T103194,CUST00256,08-11-2023,30.95,cust00256@example.com
T100088,CUST00004,17-10-2024,230.83,cust00004@example.com
T100278,CUST00009,08-03-2024,199.33,cust00009@example.com
T102477,CUST00133,29-06-2024,103.24,cust00133@example.com
T100166,CUST00006,22-06-2024,134.53,cust00006@example.com
T102783,CUST00176,14-08-2024,77.59,cust00176@example.com
T100847,CUST00030,09-05-2024,249.47,cust00030@example.com
T102527,CUST00135,18-06-2024,116.6,cust00135@example.com
T100881,CUST00031,29-04-2024,194.22,cust00031@example.com
T100944,CUST00033,21-06-2024,115.09,cust00033@example.com
T101084,CUST00039,25-06-2024,240.6,cust00039@example.com
T101606,CUST00073,05-10-2024,45.41,cust00073@example.com
T102322,CUST00122,21-10-2024,88.63,cust00122@example.com
T100247,CUST00008,15-03-2024,244.33,cust00008@example.com
T100408,CUST00013,19-05-2024,233.91,cust00013@example.com
T102908,CUST00195,06-07-2024,48.25,cust00195@example.com
T102526,CUST00135,02-10-2024,56.86,cust00135@example.com
T100368,CUST00012,27-05-2024,113.28,cust00012@example.com
T100025,CUST00001,29-05-2024,213.48,cust00001@example.com
T102226,CUST00116,15-04-2024,64.1,cust00116@example.com
T101117,CUST00040,17-09-2024,229.17,cust00040@example.com
T102098,CUST00107,22-05-2024,103.83,cust00107@example.com
T101869,CUST00092,06-03-2024,98.08,cust00092@example.com
T102627,CUST00150,24-06-2024,71.22,cust00150@example.com
T100410,CUST00014,10-06-2024,134.28,cust00014@example.com
T100945,CUST00033,23-07-2024,81.87,cust00033@example.com
T101809,CUST00087,15-10-2024,47.87,cust00087@example.com
T101602,CUST00073,26-08-2024,58.13,cust00073@example.com
T101078,CUST00039,12-11-2024,117.1,cust00039@example.com
T102736,CUST00169,12-03-2024,89.48,cust00169@example.com
T102618,CUST00148,14-04-2024,80.56,cust00148@example.com
T100842,CUST00029,20-08-2024,110.27,cust00029@example.com
T101910,CUST00094,18-07-2024,64.45,cust00094@example.com
T101064,CUST00038,27-04-2024,151.63,cust00038@example.com
T101812,CUST00088,12-05-2024,61.2,cust00088@example.com
T102382,CUST00126,16-09-2024,113.33,cust00126@example.com
T100840,CUST00029,12-11-2024,82.23,cust00029@example.com
T100067,CUST00003,30-04-2024,216.37,cust00003@example.com
T101510,CUST00066,10-08-2024,105.04,cust00066@example.com
T101425,CUST00059,29-05-2024,117.21,cust00059@example.com
T102366,CUST00125,07-12-2024,49.84,cust00125@example.com
T101068,CUST00038,02-09-2024,140.29,cust00038@example.com
T100031,CUST00001,09-11-2024,108.99,cust00001@example.com
T102403,CUST00127,16-05-2024,64.9,cust00127@example.com
T103072,CUST00218,09-03-2024,48.77,cust00218@example.com
T100343,CUST00011,27-12-2024,153.75,cust00011@example.com
T102776,CUST00175,29-02-2024,32.63,cust00175@example.com
T102552,CUST00139,04-02-2024,78.49,cust00139@example.com
T102726,CUST00167,05-06-2024,33.94,cust00167@example.com
T102113,CUST00108,28-11-2024,111.52,cust00108@example.com
T100691,CUST00024,23-07-2024,152.32,cust00024@example.com
T101097,CUST00039,18-05-2024,111.69,cust00039@example.com
T101351,CUST00054,14-02-2024,86.29,cust00054@example.com
T101502,CUST00065,24-09-2024,42.05,cust00065@example.com
T102162,CUST00111,20-05-2024,68.19,cust00111@example.com
T101352,CUST00054,17-06-2024,75.09,cust00054@example.com
T101889,CUST00093,16-05-2024,119.34,cust00093@example.com
T101378,CUST00055,07-05-2024,68.74,cust00055@example.com
T100528,CUST00018,02-05-2024,89.58,cust00018@example.com
T100176,CUST00006,22-03-2024,197.46,cust00006@example.com
T102414,CUST00128,21-10-2024,80.44,cust00128@example.com
T102889,CUST00192,13-08-2024,80.15,cust00192@example.com
T101891,CUST00093,15-04-2024,72.12,cust00093@example.com
T103299,CUST00295,10-06-2023,51.17,cust00295@example.com
T100288,CUST00009,25-10-2024,128.71,cust00009@example.com
T103001,CUST00209,15-12-2023,77.8,cust00209@example.com
T101061,CUST00038,17-06-2024,247.29,cust00038@example.com
T100177,CUST00006,04-09-2024,145.75,cust00006@example.com
T101235,CUST00045,18-12-2024,142.65,cust00045@example.com
T101621,CUST00074,22-10-2024,44.81,cust00074@example.com
T101200,CUST00043,09-11-2024,208.9,cust00043@example.com
T101340,CUST00052,24-09-2024,60.61,cust00052@example.com
T100370,CUST00012,24-09-2024,97.13,cust00012@example.com
T101710,CUST00079,16-03-2024,52.16,cust00079@example.com
T102854,CUST00187,24-04-2024,36.11,cust00187@example.com
T101740,CUST00081,04-11-2024,106.2,cust00081@example.com
T102837,CUST00184,10-01-2024,32.69,cust00184@example.com
T100678,CUST00023,05-06-2024,244.81,cust00023@example.com
T101373,CUST00055,10-06-2024,79.38,cust00055@example.com
T102555,CUST00139,03-06-2024,87.31,cust00139@example.com
T100141,CUST00005,16-04-2024,122.8,cust00005@example.com
T102350,CUST00124,10-03-2024,90.89,cust00124@example.com
T100598,CUST00020,07-05-2024,112.69,cust00020@example.com
T101616,CUST00074,08-11-2024,119.53,cust00074@example.com
T100471,CUST00016,24-05-2024,244.88,cust00016@example.com
T100857,CUST00030,17-08-2024,160.25,cust00030@example.com
T101075,CUST00038,01-12-2024,152.72,cust00038@example.com
T101113,CUST00040,14-07-2024,171.29,cust00040@example.com
T101896,CUST00094,07-04-2024,89.28,cust00094@example.com
T101837,CUST00089,10-03-2024,67.06,cust00089@example.com
T100195,CUST00007,27-04-2024,139.37,cust00007@example.com
T100532,CUST00018,25-05-2024,249.43,cust00018@example.com
T101151,CUST00042,14-04-2024,222.29,cust00042@example.com
T102167,CUST00112,16-06-2024,50.1,cust00112@example.com
T100839,CUST00029,09-05-2024,187.48,cust00029@example.com
T100555,CUST00019,29-09-2024,148.59,cust00019@example.com
T102513,CUST00135,05-06-2024,80.83,cust00135@example.com
T101714,CUST00079,16-05-2024,44.65,cust00079@example.com
T100734,CUST00025,29-11-2024,141,cust00025@example.com
T101391,CUST00056,14-08-2024,45.88,cust00056@example.com
T101915,CUST00095,07-04-2024,97.77,cust00095@example.com
T100162,CUST00006,29-03-2024,187.7,cust00006@example.com
T100818,CUST00029,15-05-2024,89.31,cust00029@example.com
T101780,CUST00084,17-10-2024,43.07,cust00084@example.com
T102149,CUST00111,04-03-2024,106.26,cust00111@example.com
T103048,CUST00215,12-05-2024,53.86,cust00215@example.com
T100547,CUST00018,21-04-2024,194.17,cust00018@example.com
T101025,CUST00036,15-12-2024,160.62,cust00036@example.com
T100568,CUST00019,27-11-2024,233.71,cust00019@example.com
T103040,CUST00214,26-08-2024,40.76,cust00214@example.com
T101090,CUST00039,11-11-2024,240.26,cust00039@example.com
T102428,CUST00129,09-05-2024,65.12,cust00129@example.com
T101381,CUST00055,12-07-2024,71.29,cust00055@example.com
T102044,CUST00104,07-04-2024,108.81,cust00104@example.com
T102316,CUST00122,23-05-2024,61.98,cust00122@example.com
T100581,CUST00020,30-03-2024,246.61,cust00020@example.com
T101739,CUST00081,11-02-2024,73.13,cust00081@example.com
T102046,CUST00104,15-08-2024,45.41,cust00104@example.com
T100073,CUST00003,24-11-2024,218.63,cust00003@example.com
T100048,CUST00002,04-12-2024,172.94,cust00002@example.com
T102409,CUST00127,24-10-2024,76.32,cust00127@example.com
T103156,CUST00240,26-10-2023,57.13,cust00240@example.com
T100693,CUST00024,30-08-2024,121.21,cust00024@example.com
T102957,CUST00203,08-07-2024,81.7,cust00203@example.com
T101747,CUST00082,01-04-2024,60.79,cust00082@example.com
T100831,CUST00029,06-10-2024,156.91,cust00029@example.com
T101234,CUST00045,21-03-2024,190.78,cust00045@example.com
T101847,CUST00090,07-03-2024,55.8,cust00090@example.com
T102154,CUST00111,02-04-2024,48.05,cust00111@example.com
T100572,CUST00019,05-09-2024,147.41,cust00019@example.com
T102515,CUST00135,20-04-2024,114.11,cust00135@example.com
T102123,CUST00109,02-07-2024,73.42,cust00109@example.com
T101979,CUST00099,23-07-2024,107.35,cust00099@example.com
T102245,CUST00118,06-08-2024,81.72,cust00118@example.com
T102584,CUST00143,08-04-2024,65.15,cust00143@example.com
T102111,CUST00108,25-09-2024,56.16,cust00108@example.com
T100776,CUST00027,24-11-2024,118.97,cust00027@example.com
T102411,CUST00127,27-05-2024,51.24,cust00127@example.com
T101972,CUST00099,04-12-2024,61.85,cust00099@example.com
T103128,CUST00228,11-02-2024,57.82,cust00228@example.com
T102531,CUST00136,02-01-2024,79.71,cust00136@example.com
T102127,CUST00109,30-10-2024,53.28,cust00109@example.com
T101357,CUST00054,03-04-2024,73.74,cust00054@example.com
T101558,CUST00069,04-03-2024,107.19,cust00069@example.com
T102992,CUST00208,13-04-2024,63.16,cust00208@example.com
T103297,CUST00294,01-11-2023,18.33,cust00294@example.com
T101310,CUST00050,18-04-2024,46.41,cust00050@example.com
T102579,CUST00142,31-05-2024,68.87,cust00142@example.com
T102988,CUST00207,09-02-2024,73.11,cust00207@example.com
T101171,CUST00042,09-08-2024,246.8,cust00042@example.com
T102721,CUST00166,24-06-2024,76.99,cust00166@example.com
T101261,CUST00047,18-09-2024,103.8,cust00047@example.com
T102189,CUST00113,10-08-2024,93.2,cust00113@example.com
T103185,CUST00251,25-05-2023,39.1,cust00251@example.com
T102661,CUST00156,13-08-2024,82.81,cust00156@example.com
T101904,CUST00094,03-03-2024,99.66,cust00094@example.com
T103211,CUST00260,31-12-2023,45.31,cust00260@example.com
T101584,CUST00072,19-06-2024,119.02,cust00072@example.com
T103108,CUST00223,18-07-2024,65.37,cust00223@example.com
T102525,CUST00135,15-10-2024,62.3,cust00135@example.com
T102925,CUST00198,25-02-2024,84.12,cust00198@example.com
T100108,CUST00004,25-11-2024,118.9,cust00004@example.com
T102320,CUST00122,28-11-2024,112.61,cust00122@example.com
T102834,CUST00183,30-12-2023,53.87,cust00183@example.com
T100318,CUST00011,23-03-2024,106.59,cust00011@example.com
T101462,CUST00062,23-04-2024,48.53,cust00062@example.com
T101022,CUST00036,12-12-2024,237.15,cust00036@example.com
T102353,CUST00124,09-07-2024,109.9,cust00124@example.com
T102791,CUST00177,30-03-2024,88.87,cust00177@example.com
T103232,CUST00269,20-08-2023,26.04,cust00269@example.com
T101001,CUST00035,29-10-2024,172.12,cust00035@example.com
T101292,CUST00049,05-12-2024,85.4,cust00049@example.com
T102766,CUST00174,28-04-2024,61.78,cust00174@example.com
T102929,CUST00199,25-02-2024,53.59,cust00199@example.com
T101957,CUST00098,03-05-2024,73.7,cust00098@example.com
T102707,CUST00164,21-04-2024,45.93,cust00164@example.com
T101286,CUST00049,22-08-2024,47.03,cust00049@example.com
T101455,CUST00061,18-04-2024,114.48,cust00061@example.com
T100582,CUST00020,05-12-2024,163.75,cust00020@example.com
T100802,CUST00028,11-11-2024,177.97,cust00028@example.com
T100781,CUST00027,02-11-2024,172.26,cust00027@example.com
T100665,CUST00023,16-11-2024,105.99,cust00023@example.com
T100056,CUST00002,09-05-2024,95.04,cust00002@example.com
T101977,CUST00099,03-12-2024,74.37,cust00099@example.com
T102011,CUST00101,02-04-2024,45.01,cust00101@example.com
T102238,CUST00117,25-02-2024,46.32,cust00117@example.com
T101480,CUST00063,03-10-2024,105.43,cust00063@example.com
T100468,CUST00016,23-04-2024,118.01,cust00016@example.com
T102312,CUST00122,16-11-2024,79.48,cust00122@example.com
T102683,CUST00160,03-03-2024,52.75,cust00160@example.com
T100535,CUST00018,16-12-2024,240.61,cust00018@example.com
T101720,CUST00080,27-09-2024,51.38,cust00080@example.com
T101102,CUST00039,26-06-2024,230.24,cust00039@example.com
T101036,CUST00037,03-04-2024,137.78,cust00037@example.com
T102884,CUST00191,29-01-2024,34.14,cust00191@example.com
T102323,CUST00123,14-06-2024,64.75,cust00123@example.com
T100859,CUST00030,25-10-2024,91.17,cust00030@example.com
T103077,CUST00219,01-01-2024,36.35,cust00219@example.com
T100069,CUST00003,06-08-2024,247.77,cust00003@example.com
T103010,CUST00210,10-07-2024,62.93,cust00210@example.com
T102903,CUST00194,07-01-2024,54.99,cust00194@example.com
T101922,CUST00095,12-10-2024,89.57,cust00095@example.com
T100436,CUST00014,23-05-2024,92.37,cust00014@example.com
T102229,CUST00116,29-06-2024,63.99,cust00116@example.com
T102969,CUST00204,08-05-2024,59.78,cust00204@example.com
T101411,CUST00058,28-02-2024,48.95,cust00058@example.com
T100208,CUST00007,05-11-2024,80.86,cust00007@example.com
T102947,CUST00201,16-06-2024,60.53,cust00201@example.com
T100565,CUST00019,14-10-2024,180.29,cust00019@example.com
T100313,CUST00010,24-07-2024,243.65,cust00010@example.com
T100601,CUST00020,07-10-2024,127.36,cust00020@example.com
T100233,CUST00008,30-05-2024,163.73,cust00008@example.com
T100746,CUST00026,01-06-2024,145.26,cust00026@example.com
T102689,CUST00161,12-03-2024,54.26,cust00161@example.com
T101556,CUST00069,25-08-2024,88.88,cust00069@example.com
T102785,CUST00176,06-05-2024,44.52,cust00176@example.com
T100111,CUST00004,02-05-2024,107.41,cust00004@example.com
T101402,CUST00057,15-06-2024,42.93,cust00057@example.com
T100965,CUST00034,26-05-2024,140.46,cust00034@example.com
T100755,CUST00026,15-03-2024,214.98,cust00026@example.com
T101253,CUST00046,18-05-2024,50.01,cust00046@example.com
T102563,CUST00140,29-10-2023,34.37,cust00140@example.com
T100472,CUST00016,03-03-2024,87.34,cust00016@example.com
T102181,CUST00113,06-03-2024,57.01,cust00113@example.com
T103032,CUST00213,03-11-2023,75.06,cust00213@example.com
T103131,CUST00230,27-08-2023,52.03,cust00230@example.com
T103006,CUST00209,07-04-2024,84.37,cust00209@example.com
T102692,CUST00162,18-12-2023,30.6,cust00162@example.com
T102195,CUST00113,01-11-2024,75.76,cust00113@example.com
T102666,CUST00157,26-01-2024,38.2,cust00157@example.com
T101778,CUST00084,01-08-2024,60.37,cust00084@example.com
T101288,CUST00049,31-07-2024,42.66,cust00049@example.com
T100655,CUST00022,22-09-2024,101.69,cust00022@example.com
T101436,CUST00060,15-07-2024,64.63,cust00060@example.com
T100361,CUST00012,26-06-2024,189.36,cust00012@example.com
T100135,CUST00005,14-06-2024,134.94,cust00005@example.com
T101657,CUST00076,17-10-2024,64.44,cust00076@example.com
T102401,CUST00127,01-03-2024,45.74,cust00127@example.com
T101027,CUST00036,29-06-2024,223.57,cust00036@example.com
T102501,CUST00134,01-06-2024,101.16,cust00134@example.com
T100366,CUST00012,02-10-2024,243.4,cust00012@example.com
T102053,CUST00104,26-10-2024,115.66,cust00104@example.com
T100029,CUST00001,12-09-2024,87.9,cust00001@example.com
T102764,CUST00174,30-03-2024,38.06,cust00174@example.com
T100022,CUST00001,11-08-2024,129.66,cust00001@example.com
T101283,CUST00048,11-05-2024,40.78,cust00048@example.com
T101091,CUST00039,25-04-2024,190.44,cust00039@example.com
T102478,CUST00133,31-07-2024,49.99,cust00133@example.com
T103311,CUST00300,23-06-2023,44.55,cust00300@example.com
T100695,CUST00024,19-09-2024,183.81,cust00024@example.com
T101135,CUST00041,24-06-2024,92.94,cust00041@example.com
T100700,CUST00024,19-09-2024,170.54,cust00024@example.com
T100420,CUST00014,21-06-2024,214.57,cust00014@example.com
T100682,CUST00023,24-06-2024,109.05,cust00023@example.com
T101766,CUST00084,15-05-2024,98.99,cust00084@example.com
T100460,CUST00016,24-08-2024,99.98,cust00016@example.com
T100043,CUST00002,30-07-2024,234.58,cust00002@example.com
T100087,CUST00004,14-08-2024,188.38,cust00004@example.com
T101236,CUST00045,17-08-2024,226.94,cust00045@example.com
T101948,CUST00097,24-08-2024,66.26,cust00097@example.com
T102949,CUST00201,19-02-2024,85.98,cust00201@example.com
T100561,CUST00019,09-03-2024,116.2,cust00019@example.com
T100282,CUST00009,20-08-2024,143.85,cust00009@example.com
T101406,CUST00057,22-02-2024,107.53,cust00057@example.com
T100811,CUST00029,17-12-2024,222.61,cust00029@example.com
T100927,CUST00032,10-04-2024,172.08,cust00032@example.com
T103145,CUST00236,28-06-2023,31.58,cust00236@example.com
T102067,CUST00105,24-02-2024,60.69,cust00105@example.com
T100533,CUST00018,10-06-2024,174.42,cust00018@example.com
T102713,CUST00164,03-04-2024,52.3,cust00164@example.com
T102711,CUST00164,30-07-2024,61.08,cust00164@example.com
T101110,CUST00040,14-09-2024,218.69,cust00040@example.com
T102289,CUST00121,02-12-2024,55.69,cust00121@example.com
T102607,CUST00147,27-12-2023,46.57,cust00147@example.com
T102643,CUST00153,24-03-2024,68.65,cust00153@example.com
T101268,CUST00047,02-04-2024,88,cust00047@example.com
T102341,CUST00124,10-09-2024,45.68,cust00124@example.com
T101011,CUST00036,18-03-2024,247.9,cust00036@example.com
T103267,CUST00282,14-09-2023,40.23,cust00282@example.com
T101037,CUST00037,18-04-2024,203.21,cust00037@example.com
T102419,CUST00128,08-09-2024,71.04,cust00128@example.com
T101905,CUST00094,09-06-2024,56.2,cust00094@example.com
T100637,CUST00022,24-03-2024,121.22,cust00022@example.com
T101422,CUST00058,18-10-2024,43.33,cust00058@example.com
T102346,CUST00124,25-07-2024,94.29,cust00124@example.com
T102601,CUST00146,06-02-2024,33.26,cust00146@example.com
T101431,CUST00059,09-06-2024,81.25,cust00059@example.com
T102429,CUST00129,29-07-2024,111.07,cust00129@example.com
T101498,CUST00065,23-06-2024,70.38,cust00065@example.com
T101656,CUST00076,04-03-2024,84.3,cust00076@example.com
T103201,CUST00258,07-12-2023,37.64,cust00258@example.com
T100221,CUST00007,05-08-2024,176.61,cust00007@example.com
T100543,CUST00018,26-05-2024,194.19,cust00018@example.com
T101554,CUST00069,22-11-2024,58.25,cust00069@example.com
T102380,CUST00126,22-10-2024,105.79,cust00126@example.com
T100685,CUST00023,02-04-2024,174.65,cust00023@example.com
T103190,CUST00253,24-03-2024,28.85,cust00253@example.com
T101222,CUST00045,29-04-2024,153.5,cust00045@example.com
T102325,CUST00123,13-10-2024,116.4,cust00123@example.com
T102288,CUST00121,17-07-2024,78.56,cust00121@example.com
T102418,CUST00128,12-03-2024,42.48,cust00128@example.com
T102924,CUST00197,19-06-2024,52.26,cust00197@example.com
T101264,CUST00047,26-10-2024,40.93,cust00047@example.com
T100794,CUST00028,27-04-2024,83.08,cust00028@example.com
T101251,CUST00046,30-08-2024,78.52,cust00046@example.com
T101477,CUST00063,22-10-2024,100.98,cust00063@example.com
T101987,CUST00100,16-09-2024,79.72,cust00100@example.com
T100272,CUST00009,15-03-2024,227.4,cust00009@example.com
T101503,CUST00065,14-11-2024,67.3,cust00065@example.com
T100521,CUST00017,27-08-2024,144.75,cust00017@example.com
T100522,CUST00017,10-06-2024,244.89,cust00017@example.com
T102266,CUST00119,16-10-2024,87.34,cust00119@example.com
T100787,CUST00028,22-11-2024,148.14,cust00028@example.com
T101232,CUST00045,26-05-2024,116.23,cust00045@example.com
T100350,CUST00012,10-10-2024,165.53,cust00012@example.com
T101123,CUST00040,03-09-2024,217.62,cust00040@example.com
T101376,CUST00055,15-03-2024,75.62,cust00055@example.com
T102379,CUST00126,27-10-2024,103.87,cust00126@example.com
T102031,CUST00103,22-03-2024,85.23,cust00103@example.com
T102530,CUST00136,14-12-2023,70.61,cust00136@example.com
T102562,CUST00140,18-07-2024,33.01,cust00140@example.com
T100651,CUST00022,05-07-2024,171.31,cust00022@example.com
T102762,CUST00174,24-05-2024,67.86,cust00174@example.com
T100990,CUST00035,10-05-2024,215.9,cust00035@example.com
T101138,CUST00041,16-12-2024,161.7,cust00041@example.com
T102864,CUST00188,21-01-2024,56.2,cust00188@example.com
T103241,CUST00272,16-01-2024,34.3,cust00272@example.com
T101157,CUST00042,12-12-2024,229.75,cust00042@example.com
T101359,CUST00054,27-06-2024,87.39,cust00054@example.com
T101620,CUST00074,31-10-2024,77.22,cust00074@example.com
T102045,CUST00104,04-03-2024,97.83,cust00104@example.com
T100168,CUST00006,10-04-2024,86.93,cust00006@example.com
T102768,CUST00175,14-05-2024,60.04,cust00175@example.com
T103016,CUST00211,30-04-2024,73.96,cust00211@example.com
T102213,CUST00115,24-08-2024,117.02,cust00115@example.com
T100803,CUST00028,02-12-2024,183.14,cust00028@example.com
T103144,CUST00236,04-10-2023,27.1,cust00236@example.com
T102829,CUST00183,16-12-2023,31.75,cust00183@example.com
T101991,CUST00100,17-08-2024,52.71,cust00100@example.com
T101727,CUST00080,12-08-2024,119.74,cust00080@example.com
T101302,CUST00050,04-05-2024,44.16,cust00050@example.com
T101133,CUST00041,18-10-2024,117.43,cust00041@example.com
T102307,CUST00122,17-02-2024,89.37,cust00122@example.com
T102473,CUST00132,19-07-2024,97.77,cust00132@example.com
T100219,CUST00007,23-05-2024,224.37,cust00007@example.com
T100367,CUST00012,25-09-2024,233.91,cust00012@example.com
T102421,CUST00128,08-09-2024,41.87,cust00128@example.com
T100549,CUST00018,09-08-2024,211.29,cust00018@example.com
T103038,CUST00214,03-02-2024,34.05,cust00214@example.com
T102367,CUST00125,05-08-2024,84.69,cust00125@example.com
T101611,CUST00073,12-04-2024,92.07,cust00073@example.com
T100351,CUST00012,18-05-2024,225.6,cust00012@example.com
T101336,CUST00052,22-03-2024,55.96,cust00052@example.com
T100772,CUST00027,03-09-2024,101.67,cust00027@example.com
T101399,CUST00057,08-05-2024,96.54,cust00057@example.com
T102114,CUST00109,27-07-2024,92.34,cust00109@example.com
T100490,CUST00016,03-05-2024,157.46,cust00016@example.com
T102970,CUST00205,06-03-2024,52.83,cust00205@example.com
T102621,CUST00149,01-04-2024,83.51,cust00149@example.com
T100498,CUST00017,18-03-2024,245.65,cust00017@example.com
T102166,CUST00112,03-03-2024,90.73,cust00112@example.com
T100210,CUST00007,02-06-2024,173.28,cust00007@example.com
T103132,CUST00230,19-08-2023,56.97,cust00230@example.com
T102276,CUST00119,10-03-2024,99.49,cust00119@example.com
T100650,CUST00022,13-06-2024,94.78,cust00022@example.com
T100227,CUST00008,29-11-2024,146.83,cust00008@example.com
T100365,CUST00012,25-08-2024,145.64,cust00012@example.com
T101670,CUST00076,03-05-2024,70.45,cust00076@example.com
T102997,CUST00208,21-06-2024,48.59,cust00208@example.com
T100276,CUST00009,20-11-2024,215.71,cust00009@example.com
T102953,CUST00202,11-08-2024,57.7,cust00202@example.com
T100949,CUST00033,27-11-2024,181.56,cust00033@example.com
T101760,CUST00083,19-04-2024,76.35,cust00083@example.com
T101980,CUST00099,07-03-2024,54.89,cust00099@example.com
T102281,CUST00120,24-11-2024,68.95,cust00120@example.com
T100407,CUST00013,21-07-2024,81.84,cust00013@example.com
T102706,CUST00163,11-08-2024,37.21,cust00163@example.com
T103158,CUST00240,23-10-2023,52.11,cust00240@example.com
T102582,CUST00143,01-03-2024,60.19,cust00143@example.com
T103043,CUST00214,21-06-2024,54.22,cust00214@example.com
T101196,CUST00043,17-06-2024,245.49,cust00043@example.com
T102658,CUST00156,20-03-2024,42.72,cust00156@example.com
T100869,CUST00031,07-06-2024,240.84,cust00031@example.com
T100844,CUST00030,12-04-2024,105.27,cust00030@example.com
T100007,CUST00001,17-11-2024,227.25,cust00001@example.com
T101936,CUST00096,06-08-2024,61.59,cust00096@example.com
T101490,CUST00064,03-11-2024,59,cust00064@example.com
T103303,CUST00296,13-07-2023,29.45,cust00296@example.com
T100415,CUST00014,15-05-2024,156.24,cust00014@example.com
T102657,CUST00155,12-04-2024,81.02,cust00155@example.com
T101220,CUST00045,14-09-2024,241.65,cust00045@example.com
T102611,CUST00148,27-01-2024,30.23,cust00148@example.com
T103141,CUST00234,27-02-2024,56.43,cust00234@example.com
T103089,CUST00221,09-08-2024,45.19,cust00221@example.com
T101671,CUST00076,02-11-2024,110.24,cust00076@example.com
T100199,CUST00007,19-09-2024,212.58,cust00007@example.com
T101537,CUST00068,08-09-2024,94.49,cust00068@example.com
T102417,CUST00128,15-02-2024,43.12,cust00128@example.com
T100801,CUST00028,12-05-2024,105.93,cust00028@example.com
T102345,CUST00124,16-11-2024,93.49,cust00124@example.com
T101228,CUST00045,03-11-2024,247.28,cust00045@example.com
T100283,CUST00009,18-09-2024,95.98,cust00009@example.com
T101225,CUST00045,05-07-2024,188.55,cust00045@example.com
T100231,CUST00008,25-08-2024,165.45,cust00008@example.com
T101862,CUST00091,22-06-2024,54.19,cust00091@example.com
T101006,CUST00035,03-03-2024,197.69,cust00035@example.com
T102650,CUST00155,05-04-2024,42.53,cust00155@example.com
T100096,CUST00004,06-06-2024,168.86,cust00004@example.com
T101674,CUST00077,01-03-2024,103.2,cust00077@example.com
T102839,CUST00184,21-04-2024,52.3,cust00184@example.com
T101709,CUST00079,19-10-2024,92.02,cust00079@example.com
T102841,CUST00184,18-06-2024,75.26,cust00184@example.com
T101323,CUST00051,31-07-2024,57.54,cust00051@example.com
T101941,CUST00096,07-07-2024,66.74,cust00096@example.com
T103162,CUST00243,31-08-2023,28.55,cust00243@example.com
T102858,CUST00187,20-05-2024,32.16,cust00187@example.com
T101728,CUST00080,09-09-2024,105.12,cust00080@example.com
T101697,CUST00078,09-05-2024,50.81,cust00078@example.com
T100104,CUST00004,01-11-2024,234.29,cust00004@example.com
T102469,CUST00132,02-12-2024,83.44,cust00132@example.com
T103115,CUST00224,11-08-2024,82.65,cust00224@example.com
T100897,CUST00031,31-12-2024,232.38,cust00031@example.com
T101237,CUST00045,17-12-2024,160.45,cust00045@example.com
T101190,CUST00043,27-05-2024,91.45,cust00043@example.com
T102209,CUST00115,31-08-2024,112.86,cust00115@example.com
T100435,CUST00014,17-09-2024,199.16,cust00014@example.com
T102712,CUST00164,26-09-2024,50.89,cust00164@example.com
T100744,CUST00026,01-11-2024,119.48,cust00026@example.com
T100226,CUST00008,04-11-2024,245.41,cust00008@example.com
T101730,CUST00080,31-07-2024,64.5,cust00080@example.com
T102746,CUST00171,25-01-2024,64.7,cust00171@example.com
T101960,CUST00098,17-08-2024,49.47,cust00098@example.com
T102543,CUST00137,02-08-2024,66.82,cust00137@example.com
T101878,CUST00093,26-11-2024,63.8,cust00093@example.com
T102883,CUST00191,22-08-2024,34.27,cust00191@example.com
T102862,CUST00187,05-08-2024,87.03,cust00187@example.com
T101902,CUST00094,10-03-2024,100.88,cust00094@example.com
T101427,CUST00059,29-05-2024,116.14,cust00059@example.com
T102832,CUST00183,19-11-2023,37.11,cust00183@example.com
T101053,CUST00037,11-06-2024,215.79,cust00037@example.com
T102592,CUST00145,06-06-2024,63.15,cust00145@example.com
T103269,CUST00283,30-12-2023,45.99,cust00283@example.com
T101488,CUST00064,17-11-2024,71.08,cust00064@example.com
T103172,CUST00245,02-10-2023,22.18,cust00245@example.com
T101580,CUST00071,31-07-2024,58.56,cust00071@example.com
T101377,CUST00055,02-12-2024,81.19,cust00055@example.com
T101963,CUST00098,04-07-2024,70.71,cust00098@example.com
T100464,CUST00016,08-10-2024,243.57,cust00016@example.com
T101042,CUST00037,01-08-2024,134.19,cust00037@example.com
T101017,CUST00036,11-09-2024,176.55,cust00036@example.com
T102674,CUST00159,08-03-2024,83.41,cust00159@example.com
T101741,CUST00081,11-11-2024,98.69,cust00081@example.com
T102800,CUST00178,26-06-2024,77.56,cust00178@example.com
T101047,CUST00037,19-10-2024,84.15,cust00037@example.com
T101954,CUST00098,25-11-2024,119.87,cust00098@example.com
T102016,CUST00102,13-05-2024,67.79,cust00102@example.com
T100212,CUST00007,31-10-2024,190.83,cust00007@example.com
T100012,CUST00001,11-09-2024,221.52,cust00001@example.com
T103209,CUST00260,18-08-2023,42.47,cust00260@example.com
T100900,CUST00032,17-04-2024,115.34,cust00032@example.com
T100422,CUST00014,19-11-2024,95.51,cust00014@example.com
T100887,CUST00031,19-06-2024,120.49,cust00031@example.com
T103179,CUST00249,04-01-2024,45.83,cust00249@example.com
T102369,CUST00125,15-04-2024,98.33,cust00125@example.com
T101808,CUST00087,05-12-2024,53.93,cust00087@example.com
T101161,CUST00042,23-05-2024,101.91,cust00042@example.com
T101610,CUST00073,23-06-2024,110.41,cust00073@example.com
T100741,CUST00026,29-07-2024,131.23,cust00026@example.com
T102917,CUST00197,20-04-2024,80.91,cust00197@example.com
T102581,CUST00143,01-06-2024,83.32,cust00143@example.com
T103197,CUST00257,30-03-2024,54.43,cust00257@example.com
T102342,CUST00124,29-02-2024,46.41,cust00124@example.com
T101583,CUST00072,11-11-2024,79.74,cust00072@example.com
T102340,CUST00124,17-12-2024,100.09,cust00124@example.com
T100509,CUST00017,05-08-2024,203.37,cust00017@example.com
T100644,CUST00022,10-11-2024,100.36,cust00022@example.com
T100597,CUST00020,11-09-2024,109.29,cust00020@example.com
T102852,CUST00186,29-07-2024,41.5,cust00186@example.com
T101278,CUST00048,25-03-2024,51.4,cust00048@example.com
T101421,CUST00058,07-07-2024,80.58,cust00058@example.com
T102117,CUST00109,23-05-2024,89.22,cust00109@example.com
T102921,CUST00197,29-06-2024,72.76,cust00197@example.com
T100518,CUST00017,12-11-2024,247.84,cust00017@example.com
T101034,CUST00037,29-03-2024,93.08,cust00037@example.com
T100767,CUST00027,04-06-2024,229.05,cust00027@example.com
T100573,CUST00019,04-05-2024,185.75,cust00019@example.com
T103236,CUST00270,12-02-2024,24.88,cust00270@example.com
T103011,CUST00210,15-10-2024,47.26,cust00210@example.com
T101356,CUST00054,26-10-2024,112.06,cust00054@example.com
T102679,CUST00160,01-02-2024,60.95,cust00160@example.com
T101738,CUST00081,06-06-2024,69.42,cust00081@example.com
T103252,CUST00277,06-03-2024,42.25,cust00277@example.com
T101756,CUST00083,23-09-2024,116.77,cust00083@example.com
T100123,CUST00005,03-10-2024,98.71,cust00005@example.com
T101446,CUST00061,02-09-2024,95.41,cust00061@example.com
T103004,CUST00209,04-12-2023,64.3,cust00209@example.com
T100220,CUST00007,23-09-2024,191.79,cust00007@example.com
T100819,CUST00029,07-08-2024,136.98,cust00029@example.com
T103214,CUST00262,02-06-2023,25.33,cust00262@example.com
T100358,CUST00012,08-09-2024,239.84,cust00012@example.com
T100100,CUST00004,11-04-2024,85.34,cust00004@example.com
T102918,CUST00197,10-05-2024,55.36,cust00197@example.com
T100551,CUST00018,22-04-2024,224.87,cust00018@example.com
T102550,CUST00139,10-06-2024,50.93,cust00139@example.com
T101877,CUST00092,12-10-2024,80.67,cust00092@example.com
T100259,CUST00008,29-11-2024,96.52,cust00008@example.com
T103064,CUST00218,08-12-2023,68.91,cust00218@example.com
T102920,CUST00197,26-05-2024,49.52,cust00197@example.com
T102900,CUST00193,19-08-2024,37.67,cust00193@example.com
T102644,CUST00153,13-02-2024,32.89,cust00153@example.com
T102886,CUST00191,28-04-2024,60.42,cust00191@example.com
T102578,CUST00142,06-01-2024,51.47,cust00142@example.com
T101820,CUST00088,02-06-2024,56.45,cust00088@example.com
T102659,CUST00156,16-09-2024,69.44,cust00156@example.com
T102623,CUST00149,05-01-2024,84.6,cust00149@example.com
T101832,CUST00089,05-06-2024,86.59,cust00089@example.com
T103233,CUST00269,03-07-2023,17.6,cust00269@example.com
T103057,CUST00216,12-09-2024,34.62,cust00216@example.com
T102130,CUST00109,18-12-2024,52.98,cust00109@example.com
T102573,CUST00142,09-02-2024,58.59,cust00142@example.com
T102486,CUST00133,07-02-2024,78.67,cust00133@example.com
T100456,CUST00015,05-08-2024,81.93,cust00015@example.com
T100462,CUST00016,29-08-2024,206.83,cust00016@example.com
T102463,CUST00131,12-07-2024,85.55,cust00131@example.com
T100926,CUST00032,20-10-2024,125.68,cust00032@example.com
T101044,CUST00037,02-11-2024,230.62,cust00037@example.com
T101844,CUST00090,05-03-2024,115.45,cust00090@example.com
T101665,CUST00076,15-10-2024,108.11,cust00076@example.com
T100381,CUST00012,13-09-2024,198.45,cust00012@example.com
T103310,CUST00300,13-09-2023,47.52,cust00300@example.com
T103120,CUST00225,12-03-2024,46.25,cust00225@example.com
T102015,CUST00102,29-08-2024,72.89,cust00102@example.com
T100929,CUST00032,02-11-2024,123.84,cust00032@example.com
T101010,CUST00035,03-06-2024,117.61,cust00035@example.com
T101315,CUST00051,22-11-2024,91.49,cust00051@example.com
T101108,CUST00040,13-05-2024,198.32,cust00040@example.com
T101717,CUST00079,21-10-2024,95.6,cust00079@example.com
T100662,CUST00023,24-12-2024,182.98,cust00023@example.com
T100059,CUST00002,21-06-2024,135.31,cust00002@example.com
T101048,CUST00037,06-09-2024,227.92,cust00037@example.com
T103274,CUST00284,16-10-2023,52.63,cust00284@example.com
T103083,CUST00220,06-12-2023,65.26,cust00220@example.com
T103313,CUST00001,not-a-date,30,cust00001@example.com
T101745,CUST00082,12-05-2024,78.51,cust00082@example.com
T102609,CUST00147,30-01-2024,33.76,cust00147@example.com
T103149,CUST00237,03-12-2023,35.45,cust00237@example.com
T101127,CUST00040,12-08-2024,149.44,cust00040@example.com
T103309,CUST00299,12-01-2024,35.89,cust00299@example.com
T100657,CUST00023,19-08-2024,141.72,cust00023@example.com
T101451,CUST00061,31-05-2024,89.43,cust00061@example.com
T100845,CUST00030,31-12-2024,150.49,cust00030@example.com
T100542,CUST00018,10-06-2024,118.87,cust00018@example.com
T102107,CUST00108,30-08-2024,112.49,cust00108@example.com
T102232,CUST00117,11-11-2024,112.23,cust00117@example.com
T102234,CUST00117,13-08-2024,93.42,cust00117@example.com
T101221,CUST00045,13-10-2024,105.68,cust00045@example.com
T101532,CUST00068,12-12-2024,97.29,cust00068@example.com
T101272,CUST00048,12-03-2024,102.39,cust00048@example.com
T102066,CUST00105,04-09-2024,56.11,cust00105@example.com
T102360,CUST00125,13-05-2024,40.94,cust00125@example.com
T101964,CUST00098,28-10-2024,85.75,cust00098@example.com
T101600,CUST00073,17-10-2024,55.35,cust00073@example.com
T103223,CUST00266,07-09-2023,15.86,cust00266@example.com
T100237,CUST00008,02-06-2024,84.13,cust00008@example.com
T103130,CUST00229,21-06-2023,51.23,cust00229@example.com
T101233,CUST00045,19-03-2024,85.29,cust00045@example.com
T102170,CUST00112,11-09-2024,94.91,cust00112@example.com
T102273,CUST00119,07-09-2024,92.18,cust00119@example.com
T100163,CUST00006,19-09-2024,171.08,cust00006@example.com
T102132,CUST00109,12-09-2024,84.78,cust00109@example.com
T100252,CUST00008,04-09-2024,224.69,cust00008@example.com
T101350,CUST00053,05-03-2024,109.36,cust00053@example.com
T101921,CUST00095,19-07-2024,40.26,cust00095@example.com
T100930,CUST00032,12-05-2024,103.69,cust00032@example.com
T101407,CUST00057,20-05-2024,104.45,cust00057@example.com
T101178,CUST00043,19-05-2024,209.37,cust00043@example.com
T101442,CUST00060,24-06-2024,93.81,cust00060@example.com
T101465,CUST00062,23-05-2024,43.86,cust00062@example.com
T101134,CUST00041,17-12-2024,196.15,cust00041@example.com
T102023,CUST00102,16-08-2024,44.18,cust00102@example.com
T101675,CUST00077,05-03-2024,64.37,cust00077@example.com
T102651,CUST00155,25-11-2023,52.12,cust00155@example.com
T101993,CUST00100,07-06-2024,50.83,cust00100@example.com
T100677,CUST00023,07-09-2024,147.64,cust00023@example.com
T100041,CUST00002,17-11-2024,164.18,cust00002@example.com
T101128,CUST00040,18-10-2024,143.36,cust00040@example.com
T102830,CUST00183,08-08-2024,58.85,cust00183@example.com
T102803,CUST00179,28-03-2024,87.61,cust00179@example.com
T100243,CUST00008,11-08-2024,142.93,cust00008@example.com
T101116,CUST00040,17-03-2024,95.55,cust00040@example.com
T103204,CUST00258,01-06-2024,45.46,cust00258@example.com
T102211,CUST00115,05-04-2024,104.39,cust00115@example.com
T100261,CUST00008,24-04-2024,248.31,cust00008@example.com
T101106,CUST00039,11-06-2024,147.36,cust00039@example.com
T100834,CUST00029,18-04-2024,164.72,cust00029@example.com
T102564,CUST00140,28-06-2024,54.17,cust00140@example.com
T102684,CUST00160,03-06-2024,50.24,cust00160@example.com
T102033,CUST00103,05-10-2024,117.76,cust00103@example.com
T101114,CUST00040,29-08-2024,180.8,cust00040@example.com
T100340,CUST00011,24-03-2024,163.57,cust00011@example.com
T103044,CUST00214,01-10-2024,74.27,cust00214@example.com
T100748,CUST00026,08-04-2024,234.1,cust00026@example.com
T101777,CUST00084,19-04-2024,75.01,cust00084@example.com
T100480,CUST00016,29-10-2024,187,cust00016@example.com
T103206,CUST00259,18-04-2024,53.64,cust00259@example.com
T101662,CUST00076,23-07-2024,113.55,cust00076@example.com
T101398,CUST00056,11-06-2024,89.37,cust00056@example.com
T100783,CUST00028,07-10-2024,138.77,cust00028@example.com
T102846,CUST00185,12-09-2024,77.25,cust00185@example.com
T102178,CUST00112,26-06-2024,95.53,cust00112@example.com
T102667,CUST00158,06-04-2024,69.1,cust00158@example.com
T102423,CUST00128,19-07-2024,76.68,cust00128@example.com
T102073,CUST00105,30-04-2024,110.23,cust00105@example.com
T101659,CUST00076,05-08-2024,75.78,cust00076@example.com
T103031,CUST00213,21-02-2024,55.1,cust00213@example.com
T102349,CUST00124,24-08-2024,40.81,cust00124@example.com
T102946,CUST00201,03-05-2024,60.83,cust00201@example.com
T101392,CUST00056,08-05-2024,53.58,cust00056@example.com
T100626,CUST00021,02-07-2024,158.63,cust00021@example.com
T100347,CUST00011,27-03-2024,87.7,cust00011@example.com
T102119,CUST00109,15-06-2024,110.59,cust00109@example.com
T101499,CUST00065,14-10-2024,109.07,cust00065@example.com
T100979,CUST00034,20-10-2024,181.46,cust00034@example.com
T102859,CUST00187,27-08-2024,40.51,cust00187@example.com
T101718,CUST00080,16-07-2024,118.69,cust00080@example.com
T100911,CUST00032,12-07-2024,125.57,cust00032@example.com
T102442,CUST00130,23-11-2024,100.95,cust00130@example.com
T100632,CUST00021,21-06-2024,166.99,cust00021@example.com
T102836,CUST00184,14-02-2024,89.6,cust00184@example.com
T100445,CUST00015,22-05-2024,241.03,cust00015@example.com
T100617,CUST00021,23-10-2024,127.07,cust00021@example.com
T101506,CUST00066,04-05-2024,86.41,cust00066@example.com
T101364,CUST00054,23-10-2024,98.65,cust00054@example.com
T103090,CUST00221,05-04-2024,57.02,cust00221@example.com
T101437,CUST00060,23-10-2024,96.37,cust00060@example.com
T102821,CUST00182,18-04-2024,43.72,cust00182@example.com
T103195,CUST00256,08-09-2023,37.75,cust00256@example.com
T102420,CUST00128,23-05-2024,52.8,cust00128@example.com
T100353,CUST00012,03-12-2024,107.7,cust00012@example.com
T100613,CUST00021,15-11-2024,93.9,cust00021@example.com
T101149,CUST00042,02-11-2024,227.44,cust00042@example.com
T102850,CUST00186,15-04-2024,69.4,cust00186@example.com
T102102,CUST00108,19-10-2024,52.64,cust00108@example.com
T100057,CUST00002,24-06-2024,113.32,cust00002@example.com
T101412,CUST00058,11-10-2024,61.58,cust00058@example.com
T102210,CUST00115,07-10-2024,100.32,cust00115@example.com
T102430,CUST00129,16-05-2024,88.24,cust00129@example.com
T103314,CUST00002,01-06-2024,-25,cust00002@example.com
T102083,CUST00106,23-12-2024,112.74,cust00106@example.com
T102043,CUST00104,27-02-2024,49.18,cust00104@example.com
T102906,CUST00194,11-07-2024,88.38,cust00194@example.com
T101320,CUST00051,18-10-2024,59.77,cust00051@example.com
T101450,CUST00061,07-05-2024,79.77,cust00061@example.com
T101271,CUST00048,11-08-2024,108.81,cust00048@example.com
T100560,CUST00019,04-06-2024,199.69,cust00019@example.com
T100707,CUST00024,18-09-2024,217.68,cust00024@example.com
T102624,CUST00149,11-11-2023,52.64,cust00149@example.com
T100424,CUST00014,17-07-2024,89.78,cust00014@example.com
T101093,CUST00039,10-08-2024,167.16,cust00039@example.com
T100647,CUST00022,22-08-2024,195.45,cust00022@example.com
T100072,CUST00003,09-07-2024,80.94,cust00003@example.com
T102387,CUST00126,02-06-2024,88.09,cust00126@example.com
T101309,CUST00050,03-02-2024,105.19,cust00050@example.com
T102704,CUST00163,25-08-2024,76.21,cust00163@example.com
T101005,CUST00035,22-06-2024,191.99,cust00035@example.com
T100620,CUST00021,29-06-2024,111.37,cust00021@example.com
T103113,CUST00224,04-08-2024,35.48,cust00224@example.com
T100553,CUST00018,10-06-2024,175.36,cust00018@example.com
T102545,CUST00138,04-06-2024,59.26,cust00138@example.com
T103025,CUST00212,22-02-2024,52.44,cust00212@example.com
T102202,CUST00114,14-02-2024,73.8,cust00114@example.com
T100998,CUST00035,12-09-2024,241.54,cust00035@example.com
T102032,CUST00103,28-06-2024,77.11,cust00103@example.com
T103212,CUST00261,07-09-2023,23.07,cust00261@example.com
T103033,CUST00213,05-11-2023,36.08,cust00213@example.com
T103298,CUST00295,01-07-2023,31.9,cust00295@example.com
T102730,CUST00168,19-02-2024,74.85,cust00168@example.com
T100440,CUST00014,23-07-2024,94.42,cust00014@example.com
T100508,CUST00017,23-08-2024,241.47,cust00017@example.com
T101100,CUST00039,29-06-2024,89.83,cust00039@example.com
T100589,CUST00020,20-09-2024,105.82,cust00020@example.com
T101366,CUST00054,07-04-2024,97.27,cust00054@example.com
T100649,CUST00022,08-03-2024,164.74,cust00022@example.com
T102172,CUST00112,18-05-2024,53.99,cust00112@example.com
T102110,CUST00108,04-03-2024,51.26,cust00108@example.com
T101456,CUST00061,06-08-2024,95.16,cust00061@example.com
T101829,CUST00089,07-10-2024,63.43,cust00089@example.com
T102533,CUST00136,06-01-2024,30.86,cust00136@example.com
T100630,CUST00021,30-10-2024,201.27,cust00021@example.com
T102890,CUST00192,03-02-2024,49.93,cust00192@example.com
T101206,CUST00044,01-12-2024,196.16,cust00044@example.com
T100482,CUST00016,01-09-2024,157.27,cust00016@example.com
T101474,CUST00063,16-03-2024,66.16,cust00063@example.com
T102833,CUST00183,01-08-2024,47.33,cust00183@example.com
T101345,CUST00053,01-10-2024,74.04,cust00053@example.com
T102907,CUST00195,25-01-2024,43.57,cust00195@example.com
T102147,CUST00111,05-03-2024,68.62,cust00111@example.com
T101907,CUST00094,04-04-2024,69.44,cust00094@example.com
T100856,CUST00030,18-09-2024,86.21,cust00030@example.com
T102095,CUST00107,28-05-2024,103.43,cust00107@example.com
T100530,CUST00018,25-11-2024,218.19,cust00018@example.com
T102222,CUST00116,29-07-2024,47.72,cust00116@example.com
T100049,CUST00002,02-09-2024,111.43,cust00002@example.com
T100858,CUST00030,25-03-2024,176.02,cust00030@example.com
T103121,CUST00225,30-06-2024,44.85,cust00225@example.com
T101072,CUST00038,29-05-2024,87.16,cust00038@example.com
T100719,CUST00025,29-10-2024,204.25,cust00025@example.com
T101953,CUST00098,18-09-2024,98.85,cust00098@example.com
T101873,CUST00092,25-04-2024,107.26,cust00092@example.com
T102877,CUST00190,25-05-2024,42.28,cust00190@example.com
T101601,CUST00073,20-04-2024,65.87,cust00073@example.com
T101807,CUST00087,10-03-2024,54.82,cust00087@example.com
T102357,CUST00125,28-06-2024,45.32,cust00125@example.com
T101590,CUST00072,24-04-2024,95.39,cust00072@example.com
T102472,CUST00132,05-05-2024,112.76,cust00132@example.com
T101587,CUST00072,31-05-2024,72.35,cust00072@example.com
T102282,CUST00120,29-02-2024,77.8,cust00120@example.com
T101938,CUST00096,22-02-2024,79.86,cust00096@example.com
T102615,CUST00148,26-11-2023,36.11,cust00148@example.com
T103259,CUST00279,02-11-2023,55.31,cust00279@example.com
T102371,CUST00125,23-06-2024,107.65,cust00125@example.com
T101195,CUST00043,17-08-2024,228.16,cust00043@example.com
T103122,CUST00225,13-08-2024,33.75,cust00225@example.com
T102905,CUST00194,05-11-2023,33.28,cust00194@example.com
T101826,CUST00089,05-07-2024,43.36,cust00089@example.com
T100297,CUST00010,06-09-2024,116.69,cust00010@example.com
T101467,CUST00062,09-03-2024,72.55,cust00062@example.com
T101950,CUST00097,31-10-2024,47.09,cust00097@example.com
T100958,CUST00033,08-10-2024,108.27,cust00033@example.com
T101743,CUST00082,26-08-2024,40.88,cust00082@example.com
T102493,CUST00133,31-05-2024,70.92,cust00133@example.com
T101338,CUST00052,13-06-2024,45.78,cust00052@example.com
T101952,CUST00098,07-10-2024,87.86,cust00098@example.com
T100349,CUST00011,25-06-2024,186.4,cust00011@example.com
T101535,CUST00068,24-02-2024,49.75,cust00068@example.com
T100643,CUST00022,21-08-2024,135.67,cust00022@example.com
T101289,CUST00049,13-07-2024,46.29,cust00049@example.com
T101419,CUST00058,11-03-2024,114.71,cust00058@example.com
T100669,CUST00023,20-03-2024,128.47,cust00023@example.com
T102447,CUST00130,15-04-2024,55.57,cust00130@example.com
T102722,CUST00166,26-01-2024,76.82,cust00166@example.com
T103271,CUST00283,05-01-2024,15.45,cust00283@example.com
T101179,CUST00043,05-11-2024,172.02,cust00043@example.com
T102748,CUST00172,12-08-2024,78.67,cust00172@example.com
T101811,CUST00087,02-10-2024,101.15,cust00087@example.com
T102626,CUST00149,19-11-2023,35.36,cust00149@example.com
T103176,CUST00247,09-03-2024,44.89,cust00247@example.com
T101897,CUST00094,13-03-2024,55.04,cust00094@example.com
T100786,CUST00028,16-11-2024,179.18,cust00028@example.com
T103046,CUST00215,22-07-2024,55.36,cust00215@example.com
T100140,CUST00005,10-07-2024,243.62,cust00005@example.com
T100788,CUST00028,29-09-2024,158.54,cust00028@example.com
T102338,CUST00124,25-09-2024,49.68,cust00124@example.com
T102249,CUST00118,21-03-2024,49.19,cust00118@example.com
T100714,CUST00025,14-08-2024,139.31,cust00025@example.com
T101623,CUST00074,27-05-2024,116.61,cust00074@example.com
T102019,CUST00102,26-07-2024,93.1,cust00102@example.com
T103278,CUST00286,21-12-2023,30.01,cust00286@example.com
T101444,CUST00061,16-09-2024,109.45,cust00061@example.com
T102823,CUST00182,20-02-2024,43.32,cust00182@example.com
T101322,CUST00051,09-10-2024,109.74,cust00051@example.com
T100618,CUST00021,09-03-2024,217.05,cust00021@example.com
T100406,CUST00013,05-07-2024,146.16,cust00013@example.com
T102248,CUST00118,29-07-2024,87.92,cust00118@example.com
T102608,CUST00147,25-01-2024,72.42,cust00147@example.com
T101313,CUST00051,05-10-2024,105.38,cust00051@example.com
T101404,CUST00057,18-06-2024,93.1,cust00057@example.com
T101967,CUST00099,24-03-2024,68.98,cust00099@example.com
T100497,CUST00017,19-05-2024,93.21,cust00017@example.com
T100342,CUST00011,19-03-2024,109.44,cust00011@example.com
T102153,CUST00111,12-10-2024,106.08,cust00111@example.com
T103061,CUST00217,08-04-2024,35.52,cust00217@example.com
T100782,CUST00027,27-03-2024,122.81,cust00027@example.com
T102005,CUST00101,18-06-2024,100.75,cust00101@example.com
T100303,CUST00010,21-08-2024,188.36,cust00010@example.com
T102714,CUST00165,08-04-2024,30.08,cust00165@example.com
T102042,CUST00104,06-05-2024,81.87,cust00104@example.com
T100664,CUST00023,23-09-2024,97.3,cust00023@example.com
T101177,CUST00043,11-04-2024,98.19,cust00043@example.com
T101244,CUST00046,04-03-2024,100.88,cust00046@example.com
T102003,CUST00101,28-04-2024,59.96,cust00101@example.com
T101798,CUST00086,02-05-2024,45.7,cust00086@example.com
T101767,CUST00084,30-09-2024,78.08,cust00084@example.com
T101803,CUST00086,28-11-2024,63.72,cust00086@example.com
T100084,CUST00004,08-06-2024,132.87,cust00004@example.com
T102452,CUST00130,15-06-2024,84.62,cust00130@example.com
T100941,CUST00033,21-11-2024,174.21,cust00033@example.com
T100961,CUST00033,09-12-2024,182.54,cust00033@example.com
T100841,CUST00029,19-07-2024,192.8,cust00029@example.com
T103009,CUST00210,20-05-2024,33.11,cust00210@example.com
T102629,CUST00150,17-11-2023,53.26,cust00150@example.com
T102490,CUST00133,01-05-2024,62.86,cust00133@example.com
T101822,CUST00088,10-07-2024,89.2,cust00088@example.com
T100290,CUST00009,11-05-2024,85.19,cust00009@example.com
T102121,CUST00109,22-08-2024,80.42,cust00109@example.com
T101961,CUST00098,03-07-2024,72.79,cust00098@example.com
T100604,CUST00021,17-07-2024,100.51,cust00021@example.com
T102257,CUST00118,04-06-2024,74.43,cust00118@example.com
T100916,CUST00032,26-08-2024,130.06,cust00032@example.com
T101533,CUST00068,15-06-2024,61.81,cust00068@example.com
T102013,CUST00102,16-08-2024,51.14,cust00102@example.com
T101099,CUST00039,02-09-2024,139.52,cust00039@example.com
T101088,CUST00039,13-10-2024,248.5,cust00039@example.com
T102749,CUST00172,20-08-2024,68.16,cust00172@example.com
T101593,CUST00072,01-09-2024,48.33,cust00072@example.com
T100821,CUST00029,03-03-2024,80.79,cust00029@example.com
T102728,CUST00168,28-07-2024,44.8,cust00168@example.com
T101000,CUST00035,19-04-2024,111.47,cust00035@example.com
T102284,CUST00120,01-05-2024,51.2,cust00120@example.com
T100018,CUST00001,27-03-2024,153.43,cust00001@example.com
T100493,CUST00016,26-03-2024,111.98,cust00016@example.com
T101125,CUST00040,17-10-2024,173.65,cust00040@example.com
T101494,CUST00065,23-10-2024,88.28,cust00065@example.com
T102020,CUST00102,04-03-2024,117.07,cust00102@example.com
T103129,CUST00229,14-06-2023,52.73,cust00229@example.com
T102002,CUST00100,17-08-2024,112.5,cust00100@example.com
T102175,CUST00112,29-03-2024,106.96,cust00112@example.com
T101765,CUST00083,02-07-2024,65.97,cust00083@example.com
T101999,CUST00100,04-06-2024,62.57,cust00100@example.com
T101833,CUST00089,14-02-2024,99.85,cust00089@example.com
T101867,CUST00092,13-08-2024,53.19,cust00092@example.com
T103215,CUST00262,17-11-2023,20.29,cust00262@example.com
T101684,CUST00077,27-08-2024,50.6,cust00077@example.com
T101009,CUST00035,11-12-2024,163.2,cust00035@example.com
T102671,CUST00158,14-07-2024,53.71,cust00158@example.com
T100360,CUST00012,02-11-2024,145.99,cust00012@example.com
T102826,CUST00182,29-06-2024,73.73,cust00182@example.com
T102129,CUST00109,26-05-2024,74.2,cust00109@example.com
T103170,CUST00245,26-11-2023,44.48,cust00245@example.com
T101360,CUST00054,12-07-2024,112.99,cust00054@example.com
T101543,CUST00068,09-03-2024,60.53,cust00068@example.com
T102240,CUST00117,12-02-2024,103.57,cust00117@example.com
T100344,CUST00011,04-11-2024,147.75,cust00011@example.com
T100986,CUST00034,08-05-2024,197.03,cust00034@example.com
T101557,CUST00069,03-11-2024,72.88,cust00069@example.com
T100743,CUST00026,26-08-2024,165.46,cust00026@example.com
T103026,CUST00212,25-05-2024,86.67,cust00212@example.com
T101912,CUST00095,14-07-2024,119.71,cust00095@example.com
T100113,CUST00004,21-08-2024,217.38,cust00004@example.com
T101334,CUST00052,11-10-2024,117.98,cust00052@example.com
T101241,CUST00045,11-07-2024,212.02,cust00045@example.com
T101142,CUST00041,21-10-2024,195.26,cust00041@example.com
T101949,CUST00097,25-11-2024,74.72,cust00097@example.com
T101216,CUST00044,06-08-2024,94,cust00044@example.com
T101198,CUST00043,27-04-2024,207.44,cust00043@example.com
T100085,CUST00004,07-05-2024,135.28,cust00004@example.com
T102285,CUST00120,21-11-2024,62.15,cust00120@example.com
T100668,CUST00023,23-04-2024,111.72,cust00023@example.com
T101014,CUST00036,08-08-2024,199.95,cust00036@example.com
T100128,CUST00005,22-09-2024,81.18,cust00005@example.com
T103139,CUST00233,20-08-2023,18.08,cust00233@example.com
T102377,CUST00126,05-07-2024,103.12,cust00126@example.com
T100891,CUST00031,27-11-2024,225.47,cust00031@example.com
T102140,CUST00110,28-08-2024,105.53,cust00110@example.com
T100307,CUST00010,14-05-2024,134.9,cust00010@example.com
T100383,CUST00013,03-09-2024,229.17,cust00013@example.com
T100150,CUST00005,12-11-2024,234.41,cust00005@example.com
T101317,CUST00051,06-09-2024,98.53,cust00051@example.com
T102633,CUST00151,03-02-2024,40.02,cust00151@example.com
T102171,CUST00112,26-06-2024,45.57,cust00112@example.com
T100426,CUST00014,24-07-2024,155.06,cust00014@example.com
T100494,CUST00017,14-07-2024,158.83,cust00017@example.com
T101207,CUST00044,06-03-2024,155.8,cust00044@example.com
T101726,CUST00080,08-11-2024,80.75,cust00080@example.com
T102505,CUST00134,17-12-2024,48.74,cust00134@example.com
T101208,CUST00044,19-03-2024,126.52,cust00044@example.com
T102536,CUST00136,18-01-2024,74.43,cust00136@example.com
T102686,CUST00161,16-04-2024,37.46,cust00161@example.com
T103262,CUST00280,23-04-2023,33.87,cust00280@example.com
T103295,CUST00293,29-11-2023,18,cust00293@example.com
T101239,CUST00045,14-08-2024,111.54,cust00045@example.com
T101546,CUST00069,10-06-2024,104.48,cust00069@example.com
T102431,CUST00129,17-07-2024,106.14,cust00129@example.com
T100275,CUST00009,11-12-2024,165.26,cust00009@example.com
T100489,CUST00016,21-10-2024,231.34,cust00016@example.com
T101491,CUST00064,12-05-2024,69.86,cust00064@example.com
T101229,CUST00045,11-08-2024,149.59,cust00045@example.com
T100690,CUST00024,10-08-2024,135.03,cust00024@example.com
T101624,CUST00074,12-03-2024,54.02,cust00074@example.com
T101956,CUST00098,08-09-2024,91.41,cust00098@example.com
T102700,CUST00163,12-03-2024,61.28,cust00163@example.com
T102937,CUST00200,10-09-2024,65.03,cust00200@example.com
T102443,CUST00130,08-05-2024,106.69,cust00130@example.com
T102303,CUST00122,23-10-2024,63.48,cust00122@example.com
T101058,CUST00038,12-08-2024,161.58,cust00038@example.com
T100118,CUST00004,13-08-2024,231.74,cust00004@example.com
T101024,CUST00036,21-05-2024,240.53,cust00036@example.com
T101653,CUST00076,05-04-2024,68.81,cust00076@example.com
T100281,CUST00009,23-07-2024,137.46,cust00009@example.com
T101849,CUST00090,11-06-2024,91.66,cust00090@example.com
T101316,CUST00051,19-06-2024,82.11,cust00051@example.com
T102583,CUST00143,09-06-2024,56.96,cust00143@example.com
T100968,CUST00034,05-04-2024,176.29,cust00034@example.com
T102663,CUST00157,21-04-2024,70.67,cust00157@example.com
T101459,CUST00061,28-06-2024,92.71,cust00061@example.com
T102591,CUST00144,10-08-2024,78.24,cust00144@example.com
T101978,CUST00099,18-12-2024,109.82,cust00099@example.com
T100155,CUST00005,19-10-2024,121.15,cust00005@example.com
T100304,CUST00010,18-06-2024,203.44,cust00010@example.com
T102157,CUST00111,24-07-2024,67.84,cust00111@example.com
T102820,CUST00182,08-12-2023,85.57,cust00182@example.com
T101874,CUST00092,30-09-2024,98.62,cust00092@example.com
T101866,CUST00092,28-04-2024,43.45,cust00092@example.com
T102480,CUST00133,14-09-2024,62.06,cust00133@example.com
T101307,CUST00050,15-10-2024,104.14,cust00050@example.com
T102298,CUST00121,03-09-2024,48.64,cust00121@example.com
T100575,CUST00019,03-07-2024,241.42,cust00019@example.com
T103308,CUST00299,05-01-2024,31.63,cust00299@example.com
T103163,CUST00243,17-03-2023,37.62,cust00243@example.com
T102898,CUST00193,20-04-2024,55.51,cust00193@example.com
T101299,CUST00050,11-02-2024,96.52,cust00050@example.com
T102484,CUST00133,16-04-2024,77.01,cust00133@example.com
T102406,CUST00127,26-10-2024,69.17,cust00127@example.com
T102664,CUST00157,29-05-2024,66.47,cust00157@example.com
T101461,CUST00062,16-02-2024,92.1,cust00062@example.com
T100843,CUST00030,08-06-2024,243.38,cust00030@example.com
T101553,CUST00069,27-06-2024,110.74,cust00069@example.com
T100269,CUST00009,02-09-2024,129.91,cust00009@example.com
T100629,CUST00021,17-04-2024,122.91,cust00021@example.com
T101033,CUST00036,04-10-2024,100.5,cust00036@example.com
T100286,CUST00009,18-08-2024,159.15,cust00009@example.com
T101326,CUST00051,09-03-2024,54.57,cust00051@example.com
T103055,CUST00216,24-01-2024,88.11,cust00216@example.com
T100300,CUST00010,18-10-2024,88.79,cust00010@example.com
T102866,CUST00189,01-03-2024,61,cust00189@example.com
T102356,CUST00125,10-04-2024,112.2,cust00125@example.com
T103066,CUST00218,16-05-2024,30.91,cust00218@example.com
T101800,CUST00086,03-09-2024,116.52,cust00086@example.com
T100065,CUST00003,19-08-2024,172.26,cust00003@example.com
T102459,CUST00131,12-02-2024,72.14,cust00131@example.com
T100890,CUST00031,24-10-2024,202.79,cust00031@example.com
T103050,CUST00215,21-05-2024,42.32,cust00215@example.com
T103270,CUST00283,30-01-2024,26.4,cust00283@example.com
T102090,CUST00106,22-11-2024,102.05,cust00106@example.com
T101507,CUST00066,17-12-2024,82.69,cust00066@example.com
T100230,CUST00008,07-11-2024,215.12,cust00008@example.com
T100503,CUST00017,13-08-2024,218.35,cust00017@example.com
T103183,CUST00251,02-09-2023,26.25,cust00251@example.com
T101677,CUST00077,07-07-2024,72.24,cust00077@example.com
T101786,CUST00085,26-02-2024,90.93,cust00085@example.com
T103268,CUST00282,20-12-2023,43.28,cust00282@example.com
T101004,CUST00035,05-03-2024,217.12,cust00035@example.com
T100836,CUST00029,05-06-2024,235.52,cust00029@example.com
T102446,CUST00130,11-06-2024,60.75,cust00130@example.com
T100374,CUST00012,10-08-2024,92.1,cust00012@example.com
T101545,CUST00068,28-03-2024,78.68,cust00068@example.com
T102339,CUST00124,17-07-2024,73.52,cust00124@example.com
T102456,CUST00131,22-06-2024,75.52,cust00131@example.com
T100939,CUST00033,12-07-2024,178.01,cust00033@example.com
T101321,CUST00051,23-04-2024,52.76,cust00051@example.com
T102295,CUST00121,17-03-2024,40.61,cust00121@example.com
T100751,CUST00026,19-05-2024,239.77,cust00026@example.com
T100099,CUST00004,18-10-2024,98.34,cust00004@example.com
T102972,CUST00205,03-08-2024,77.17,cust00205@example.com
T100866,CUST00030,11-10-2024,106.39,cust00030@example.com
T100910,CUST00032,04-05-2024,180.35,cust00032@example.com
T101637,CUST00075,17-09-2024,52.19,cust00075@example.com
T100529,CUST00018,28-05-2024,227,cust00018@example.com
T101260,CUST00047,10-11-2024,61.52,cust00047@example.com
T102024,CUST00103,06-08-2024,73.5,cust00103@example.com
T100636,CUST00022,08-08-2024,170.54,cust00022@example.com
T101269,CUST00048,01-05-2024,63.33,cust00048@example.com
T100185,CUST00006,14-07-2024,192.2,cust00006@example.com
T102086,CUST00106,17-11-2024,48.44,cust00106@example.com
T102950,CUST00201,26-01-2024,79.65,cust00201@example.com
T101735,CUST00081,02-02-2024,110.93,cust00081@example.com
T100931,CUST00032,02-11-2024,221.94,cust00032@example.com
T102093,CUST00107,07-12-2024,81.87,cust00107@example.com
T102541,CUST00137,03-05-2024,75.97,cust00137@example.com
T101725,CUST00080,26-07-2024,44.98,cust00080@example.com
T102772,CUST00175,08-09-2024,78.42,cust00175@example.com
T101273,CUST00048,02-10-2024,43.17,cust00048@example.com
T102292,CUST00121,10-09-2024,56.56,cust00121@example.com
T100607,CUST00021,10-12-2024,141.93,cust00021@example.com
T102381,CUST00126,19-07-2024,108.6,cust00126@example.com
T100151,CUST00005,09-11-2024,120.73,cust00005@example.com
T101588,CUST00072,26-04-2024,74.26,cust00072@example.com
T102374,CUST00125,15-05-2024,93.84,cust00125@example.com
T101642,CUST00075,26-10-2024,81.68,cust00075@example.com
T102126,CUST00109,21-09-2024,90.77,cust00109@example.com
T100731,CUST00025,25-08-2024,218.48,cust00025@example.com
T101660,CUST00076,02-05-2024,88.05,cust00076@example.com
T101973,CUST00099,02-06-2024,81.45,cust00099@example.com
T103015,CUST00211,02-11-2023,50.04,cust00211@example.com
T100023,CUST00001,28-12-2024,142.28,cust00001@example.com
T102789,CUST00177,04-06-2024,89.69,cust00177@example.com
T100158,CUST00006,17-08-2024,120.4,cust00006@example.com
T100861,CUST00030,21-05-2024,157.06,cust00030@example.com
T102010,CUST00101,22-09-2024,42.69,cust00101@example.com
T100902,CUST00032,09-05-2024,110.84,cust00032@example.com
T101770,CUST00084,22-02-2024,76.76,cust00084@example.com
T101230,CUST00045,13-03-2024,232,cust00045@example.com
T102498,CUST00134,28-09-2024,118.46,cust00134@example.com
T100444,CUST00015,12-09-2024,218.18,cust00015@example.com
T103246,CUST00273,06-04-2024,37.51,cust00273@example.com
T100754,CUST00026,28-07-2024,103.68,cust00026@example.com
T100923,CUST00032,07-10-2024,215.98,cust00032@example.com
T103283,CUST00288,21-04-2023,54.72,cust00288@example.com
T102964,CUST00204,21-09-2024,81.39,cust00204@example.com
T100311,CUST00010,20-12-2024,93.34,cust00010@example.com
T101375,CUST00055,01-03-2024,109.66,cust00055@example.com
T100548,CUST00018,05-09-2024,168.45,cust00018@example.com
T102212,CUST00115,04-08-2024,41.44,cust00115@example.com
T102037,CUST00103,14-08-2024,52.1,cust00103@example.com
T100306,CUST00010,05-10-2024,167.77,cust00010@example.com
T100287,CUST00009,12-06-2024,172.25,cust00009@example.com
T100694,CUST00024,26-10-2024,99.52,cust00024@example.com
T100308,CUST00010,21-03-2024,215.18,cust00010@example.com
T102567,CUST00141,09-06-2024,46.86,cust00141@example.com
T102828,CUST00183,23-04-2024,55.72,cust00183@example.com
T100749,CUST00026,20-06-2024,186.12,cust00026@example.com
T103254,CUST00277,09-02-2024,30.17,cust00277@example.com
T103052,CUST00215,22-10-2024,46.11,cust00215@example.com
T102487,CUST00133,10-05-2024,109.08,cust00133@example.com
T101569,CUST00070,03-04-2024,76.14,cust00070@example.com
T100908,CUST00032,20-03-2024,124.1,cust00032@example.com
T100086,CUST00004,15-10-2024,204.03,cust00004@example.com
T102631,CUST00151,03-12-2023,72.23,cust00151@example.com
T101586,CUST00072,03-10-2024,95.61,cust00072@example.com
T102756,CUST00173,11-06-2024,58.2,cust00173@example.com
T100970,CUST00034,18-03-2024,192.82,cust00034@example.com
T100013,CUST00001,03-09-2024,116.1,cust00001@example.com
T100873,CUST00031,10-05-2024,149.48,cust00031@example.com
T100808,CUST00029,01-09-2024,156.64,cust00029@example.com
T102990,CUST00208,12-09-2024,40.76,cust00208@example.com
T100514,CUST00017,06-08-2024,87.69,cust00017@example.com
T102665,CUST00157,15-03-2024,47.72,cust00157@example.com
T100409,CUST00014,26-10-2024,95.52,cust00014@example.com
T101731,CUST00080,15-10-2024,89.91,cust00080@example.com
T101337,CUST00052,31-08-2024,94.42,cust00052@example.com
T101413,CUST00058,26-06-2024,44.57,cust00058@example.com
T102571,CUST00142,20-03-2024,84.37,cust00142@example.com
T101618,CUST00074,21-04-2024,84.62,cust00074@example.com
T101514,CUST00066,24-03-2024,55.66,cust00066@example.com
T101667,CUST00076,09-11-2024,114.45,cust00076@example.com
T101754,CUST00083,05-11-2024,118.07,cust00083@example.com
T100382,CUST00012,03-05-2024,186.92,cust00012@example.com
T103137,CUST00232,26-05-2024,48.21,cust00232@example.com
T102424,CUST00128,02-07-2024,63.14,cust00128@example.com
T103296,CUST00294,14-12-2023,44.17,cust00294@example.com
T101647,CUST00075,15-05-2024,106.09,cust00075@example.com
T103257,CUST00278,03-06-2023,24.28,cust00278@example.com
T102163,CUST00112,02-11-2024,107.32,cust00112@example.com
T101681,CUST00077,22-03-2024,118.05,cust00077@example.com
T101393,CUST00056,08-05-2024,81.58,cust00056@example.com
T100552,CUST00018,12-12-2024,173.82,cust00018@example.com
T103256,CUST00278,18-08-2023,46.14,cust00278@example.com
T100222,CUST00007,03-05-2024,95.92,cust00007@example.com
T101918,CUST00095,18-06-2024,71.32,cust00095@example.com
T101096,CUST00039,11-09-2024,117.48,cust00039@example.com
T102870,CUST00189,11-09-2024,83.65,cust00189@example.com
T100008,CUST00001,29-05-2024,182.19,cust00001@example.com
T102597,CUST00145,16-06-2024,59.8,cust00145@example.com
T100316,CUST00011,02-11-2024,149.52,cust00011@example.com
T101328,CUST00052,18-06-2024,92.7,cust00052@example.com
T100427,CUST00014,09-04-2024,230.91,cust00014@example.com
T102781,CUST00176,09-09-2024,80.62,cust00176@example.com
T100105,CUST00004,10-10-2024,122.38,cust00004@example.com
T101795,CUST00085,07-04-2024,46.78,cust00085@example.com
T100142,CUST00005,13-12-2024,164.53,cust00005@example.com
T100121,CUST00005,25-07-2024,232.34,cust00005@example.com
T102622,CUST00149,01-06-2024,56.03,cust00149@example.com
T103164,CUST00243,24-11-2023,17.53,cust00243@example.com
T101189,CUST00043,04-06-2024,200.39,cust00043@example.com
T102372,CUST00125,14-03-2024,95.4,cust00125@example.com
T102872,CUST00189,06-03-2024,83.55,cust00189@example.com
T101694,CUST00078,15-10-2024,69.4,cust00078@example.com
T100115,CUST00004,22-12-2024,228.15,cust00004@example.com
T101737,CUST00081,30-08-2024,55.57,cust00081@example.com
T101565,CUST00070,23-03-2024,73.9,cust00070@example.com
T102375,CUST00125,18-09-2024,62.03,cust00125@example.com
T103093,CUST00221,11-05-2024,80.39,cust00221@example.com
T103258,CUST00278,27-06-2023,32.63,cust00278@example.com
T101971,CUST00099,23-09-2024,106.54,cust00099@example.com
T102441,CUST00130,24-06-2024,83.34,cust00130@example.com
T100672,CUST00023,22-04-2024,93.64,cust00023@example.com
T101924,CUST00096,13-05-2024,103.54,cust00096@example.com
T102008,CUST00101,15-10-2024,45.23,cust00101@example.com
T101872,CUST00092,03-03-2024,80.47,cust00092@example.com
T100591,CUST00020,14-10-2024,188.95,cust00020@example.com
T101814,CUST00088,11-11-2024,46.57,cust00088@example.com
T101732,CUST00080,16-07-2024,82.16,cust00080@example.com
T100888,CUST00031,26-09-2024,96.91,cust00031@example.com
T102104,CUST00108,22-09-2024,103.46,cust00108@example.com
T101742,CUST00081,15-10-2024,101.54,cust00081@example.com
T102184,CUST00113,08-03-2024,92.25,cust00113@example.com
T100213,CUST00007,20-08-2024,118.13,cust00007@example.com
T100778,CUST00027,17-08-2024,202.41,cust00027@example.com
T102384,CUST00126,16-09-2024,65.51,cust00126@example.com
T101448,CUST00061,23-04-2024,115.57,cust00061@example.com
T102050,CUST00104,20-04-2024,76.66,cust00104@example.com
T100800,CUST00028,14-04-2024,200.23,cust00028@example.com
T102741,CUST00170,08-08-2024,43.52,cust00170@example.com
T101788,CUST00085,11-09-2024,45.33,cust00085@example.com
T103000,CUST00209,17-01-2024,70.36,cust00209@example.com
T101567,CUST00070,15-09-2024,47.64,cust00070@example.com
T102528,CUST00135,07-07-2024,40.71,cust00135@example.com
T102942,CUST00200,26-05-2024,47.79,cust00200@example.com
T101518,CUST00066,20-08-2024,59.48,cust00066@example.com
T101882,CUST00093,03-12-2024,90.9,cust00093@example.com
T102996,CUST00208,31-01-2024,39.44,cust00208@example.com
T101343,CUST00053,08-09-2024,98.17,cust00053@example.com
T100273,CUST00009,27-08-2024,235.25,cust00009@example.com
T100071,CUST00003,01-09-2024,113.78,cust00003@example.com
T100720,CUST00025,25-04-2024,239.52,cust00025@example.com
T101087,CUST00039,06-03-2024,108.4,cust00039@example.com
T100394,CUST00013,07-06-2024,137.94,cust00013@example.com
T100583,CUST00020,05-07-2024,135.89,cust00020@example.com
T101885,CUST00093,12-05-2024,76.92,cust00093@example.com
T102519,CUST00135,01-12-2024,97.82,cust00135@example.com
T103123,CUST00226,07-08-2023,35.65,cust00226@example.com
T100500,CUST00017,03-10-2024,198.69,cust00017@example.com
T102250,CUST00118,24-02-2024,47.51,cust00118@example.com
T102462,CUST00131,24-05-2024,89.87,cust00131@example.com
T103292,CUST00292,19-08-2023,32.52,cust00292@example.com
T103028,CUST00212,22-04-2024,70.29,cust00212@example.com
T101815,CUST00088,13-05-2024,117.43,cust00088@example.com
T101259,CUST00047,24-10-2024,86.56,cust00047@example.com
T101983,CUST00099,30-07-2024,78.64,cust00099@example.com
T102279,CUST00120,23-03-2024,45.67,cust00120@example.com
T100205,CUST00007,29-05-2024,81.56,cust00007@example.com
T100733,CUST00025,04-11-2024,168.92,cust00025@example.com
T101880,CUST00093,17-10-2024,95.11,cust00093@example.com
T100526,CUST00018,10-07-2024,150.52,cust00018@example.com
T102610,CUST00147,14-03-2024,80.36,cust00147@example.com
T101702,CUST00078,08-02-2024,64.95,cust00078@example.com
T100898,CUST00031,10-08-2024,82.21,cust00031@example.com
T100377,CUST00012,12-06-2024,83.96,cust00012@example.com
T101559,CUST00069,09-07-2024,112,cust00069@example.com
T102087,CUST00106,01-12-2024,92.54,cust00106@example.com
T102962,CUST00203,22-12-2023,50.14,cust00203@example.com
T102071,CUST00105,04-05-2024,81.55,cust00105@example.com
T100386,CUST00013,21-09-2024,127.95,cust00013@example.com
T100198,CUST00007,31-05-2024,230.8,cust00007@example.com
T103242,CUST00272,28-11-2023,39.34,cust00272@example.com
T101050,CUST00037,20-03-2024,228.7,cust00037@example.com
T100590,CUST00020,21-12-2024,103.6,cust00020@example.com
T100519,CUST00017,14-10-2024,105.57,cust00017@example.com
T102759,CUST00173,03-10-2024,33.73,cust00173@example.com
T102259,CUST00118,21-09-2024,74.77,cust00118@example.com
T100429,CUST00014,29-05-2024,99.9,cust00014@example.com
T101083,CUST00039,13-05-2024,229.45,cust00039@example.com
T102517,CUST00135,27-09-2024,78.15,cust00135@example.com
T101644,CUST00075,25-09-2024,47.13,cust00075@example.com
T100207,CUST00007,28-11-2024,192.8,cust00007@example.com
T100491,CUST00016,15-10-2024,185.42,cust00016@example.com
T101655,CUST00076,01-06-2024,114.96,cust00076@example.com
T101736,CUST00081,08-09-2024,75.98,cust00081@example.com
T103218,CUST00263,07-09-2023,47.34,cust00263@example.com
T100792,CUST00028,12-05-2024,166,cust00028@example.com
T102755,CUST00173,03-09-2024,47.43,cust00173@example.com
T101186,CUST00043,28-05-2024,196.94,cust00043@example.com
T101185,CUST00043,31-08-2024,239.33,cust00043@example.com
T101965,CUST00099,04-03-2024,87.02,cust00099@example.com
T102436,CUST00129,13-08-2024,70.84,cust00129@example.com
T101666,CUST00076,08-10-2024,56.68,cust00076@example.com
T102471,CUST00132,30-08-2024,117.12,cust00132@example.com
T101530,CUST00068,16-07-2024,64.9,cust00068@example.com
T101410,CUST00057,18-09-2024,56.47,cust00057@example.com
T101476,CUST00063,04-04-2024,104.63,cust00063@example.com
T100083,CUST00004,16-04-2024,90.8,cust00004@example.com
T102620,CUST00148,23-04-2024,77.34,cust00148@example.com
T102465,CUST00131,30-05-2024,56.1,cust00131@example.com
T100020,CUST00001,10-09-2024,184.01,cust00001@example.com
T102915,CUST00196,16-03-2024,69.78,cust00196@example.com
T101627,CUST00074,17-09-2024,82.87,cust00074@example.com
T102315,CUST00122,22-05-2024,50.52,cust00122@example.com
T102251,CUST00118,12-06-2024,112.77,cust00118@example.com
T101405,CUST00057,16-10-2024,77.97,cust00057@example.com
T102208,CUST00115,20-08-2024,63.38,cust00115@example.com
T101562,CUST00070,03-06-2024,102.44,cust00070@example.com
T103304,CUST00296,11-02-2024,24.91,cust00296@example.com
T102975,CUST00206,29-08-2024,31.51,cust00206@example.com
T103147,CUST00236,05-04-2023,44.99,cust00236@example.com
T100973,CUST00034,04-10-2024,116.54,cust00034@example.com
T103085,CUST00220,29-02-2024,70.81,cust00220@example.com
T100883,CUST00031,30-08-2024,97.7,cust00031@example.com
T101098,CUST00039,18-05-2024,212.53,cust00039@example.com
T100156,CUST00005,18-10-2024,194.26,cust00005@example.com
T102818,CUST00181,10-08-2024,30.54,cust00181@example.com
T100886,CUST00031,19-10-2024,190.97,cust00031@example.com
T103312,,01-05-2024,50,orphan@example.com
T101966,CUST00099,26-08-2024,54.76,cust00099@example.com
T101512,CUST00066,04-10-2024,116.44,cust00066@example.com
T102739,CUST00170,15-11-2023,34.54,cust00170@example.com
T101850,CUST00090,15-06-2024,62.87,cust00090@example.com
T102802,CUST00179,30-04-2024,86.62,cust00179@example.com
T102535,CUST00136,25-01-2024,80.05,cust00136@example.com
T101818,CUST00088,21-02-2024,89.97,cust00088@example.com
T101453,CUST00061,20-04-2024,85.65,cust00061@example.com
T101505,CUST00066,23-04-2024,71.91,cust00066@example.com
T102018,CUST00102,12-07-2024,41.75,cust00102@example.com
T102928,CUST00198,18-03-2024,75.25,cust00198@example.com
T100458,CUST00016,04-07-2024,89.57,cust00016@example.com
T103188,CUST00253,08-11-2023,52.29,cust00253@example.com
T100078,CUST00003,07-08-2024,140.94,cust00003@example.com
T103220,CUST00263,03-11-2023,38.17,cust00263@example.com
T102302,CUST00121,27-07-2024,81.01,cust00121@example.com
T101056,CUST00038,06-05-2024,210.42,cust00038@example.com
T100906,CUST00032,06-07-2024,218.97,cust00032@example.com
T101933,CUST00096,11-04-2024,88.28,cust00096@example.com
T102453,CUST00130,16-08-2024,67.78,cust00130@example.com
T102978,CUST00206,17-06-2024,72.22,cust00206@example.com
T100380,CUST00012,02-09-2024,100.09,cust00012@example.com
T100947,CUST00033,30-03-2024,233,cust00033@example.com
T102078,CUST00106,02-05-2024,118.8,cust00106@example.com
T102225,CUST00116,30-03-2024,77.5,cust00116@example.com
T100715,CUST00025,09-12-2024,238.02,cust00025@example.com
T102215,CUST00115,06-08-2024,64.38,cust00115@example.com
T100686,CUST00024,20-03-2024,177.17,cust00024@example.com
T102835,CUST00183,20-01-2024,85.17,cust00183@example.com
T101293,CUST00049,29-03-2024,95.16,cust00049@example.com
T100305,CUST00010,01-08-2024,245.89,cust00010@example.com
T100209,CUST00007,24-11-2024,107.34,cust00007@example.com
T101835,CUST00089,13-09-2024,92.52,cust00089@example.com
T102460,CUST00131,31-07-2024,119.51,cust00131@example.com
T103288,CUST00290,16-08-2023,55.58,cust00290@example.com
T102742,CUST00171,12-03-2024,41.75,cust00171@example.com
T100885,CUST00031,25-03-2024,110.35,cust00031@example.com
T102012,CUST00101,20-06-2024,112.51,cust00101@example.com
T100917,CUST00032,27-05-2024,241.24,cust00032@example.com
T102488,CUST00133,03-03-2024,87.1,cust00133@example.com
T102370,CUST00125,28-08-2024,92.18,cust00125@example.com
T100191,CUST00007,24-03-2024,232.53,cust00007@example.com
T102099,CUST00107,15-06-2024,71.68,cust00107@example.com
T103017,CUST00211,07-06-2024,54.27,cust00211@example.com
T101265,CUST00047,20-07-2024,45.8,cust00047@example.com
T100483,CUST00016,23-09-2024,186.68,cust00016@example.com
T100915,CUST00032,10-06-2024,154.14,cust00032@example.com
T102871,CUST00189,16-01-2024,86.79,cust00189@example.com
T100277,CUST00009,31-05-2024,190.49,cust00009@example.com
T100988,CUST00035,03-10-2024,121.89,cust00035@example.com
T102168,CUST00112,27-04-2024,94.09,cust00112@example.com
T101245,CUST00046,27-05-2024,90.1,cust00046@example.com
T102004,CUST00101,14-03-2024,61.76,cust00101@example.com
T100571,CUST00019,08-07-2024,213.22,cust00019@example.com
T101435,CUST00060,04-11-2024,42.4,cust00060@example.com
T100993,CUST00035,22-07-2024,180.34,cust00035@example.com
T102899,CUST00193,25-07-2024,32.25,cust00193@example.com
T101729,CUST00080,11-03-2024,89.22,cust00080@example.com
T100585,CUST00020,26-11-2024,120.82,cust00020@example.com
T103249,CUST00275,02-10-2023,43.41,cust00275@example.com
T102389,CUST00126,18-10-2024,95.07,cust00126@example.com
T103307,CUST00299,24-02-2024,18.09,cust00299@example.com
T101349,CUST00053,25-04-2024,43.21,cust00053@example.com
T101007,CUST00035,24-07-2024,224.36,cust00035@example.com
T100674,CUST00023,21-12-2024,149.77,cust00023@example.com
T103266,CUST00282,22-09-2023,36.34,cust00282@example.com
T100855,CUST00030,05-12-2024,112.42,cust00030@example.com
T100447,CUST00015,17-07-2024,208.07,cust00015@example.com
T102396,CUST00127,27-10-2024,52.36,cust00127@example.com
T100865,CUST00030,31-08-2024,175.14,cust00030@example.com
T101992,CUST00100,27-09-2024,88.82,cust00100@example.com
T102503,CUST00134,16-05-2024,116.48,cust00134@example.com
T102955,CUST00202,15-10-2024,71.68,cust00202@example.com
T102636,CUST00152,26-07-2024,87.96,cust00152@example.com
T102080,CUST00106,13-12-2024,42.17,cust00106@example.com
T102131,CUST00109,25-08-2024,41.01,cust00109@example.com
T102951,CUST00202,28-02-2024,71.83,cust00202@example.com
T102750,CUST00172,09-04-2024,53.29,cust00172@example.com
T101247,CUST00046,07-10-2024,42.6,cust00046@example.com
T100294,CUST00009,11-05-2024,101.6,cust00009@example.com
T101547,CUST00069,30-04-2024,84.02,cust00069@example.com
T100588,CUST00020,27-08-2024,101.77,cust00020@example.com
T101281,CUST00048,06-11-2024,96.2,cust00048@example.com
T103036,CUST00213,15-05-2024,55.92,cust00213@example.com
T102144,CUST00111,11-04-2024,77.69,cust00111@example.com
T103282,CUST00287,15-10-2023,53.47,cust00287@example.com
T101909,CUST00094,03-08-2024,51.91,cust00094@example.com
T102412,CUST00127,04-12-2024,78.85,cust00127@example.com
T101764,CUST00083,05-07-2024,52,cust00083@example.com
T102603,CUST00146,24-03-2024,49.06,cust00146@example.com
T101417,CUST00058,09-11-2024,49.77,cust00058@example.com
T100425,CUST00014,22-10-2024,173.42,cust00014@example.com
T100534,CUST00018,02-03-2024,210.73,cust00018@example.com
T101054,CUST00037,23-12-2024,249.65,cust00037@example.com
T103255,CUST00277,25-01-2024,21.43,cust00277@example.com
T103222,CUST00265,02-08-2023,18.76,cust00265@example.com
T101763,CUST00083,30-09-2024,79.06,cust00083@example.com
T100132,CUST00005,07-04-2024,100.38,cust00005@example.com
T100006,CUST00001,27-03-2024,89.87,cust00001@example.com
T102941,CUST00200,15-08-2024,66.09,cust00200@example.com
T100421,CUST00014,18-05-2024,214.24,cust00014@example.com
T101690,CUST00077,28-02-2024,53.99,cust00077@example.com
T102938,CUST00200,12-06-2024,87.13,cust00200@example.com
T102256,CUST00118,06-09-2024,81.4,cust00118@example.com
T101947,CUST00097,28-08-2024,51.8,cust00097@example.com
T101716,CUST00079,25-11-2024,44.62,cust00079@example.com
T101368,CUST00054,10-11-2024,54.37,cust00054@example.com
T100556,CUST00019,27-04-2024,102.78,cust00019@example.com
T102817,CUST00181,27-10-2024,30.73,cust00181@example.com
T102439,CUST00130,03-10-2024,52.33,cust00130@example.com
T102993,CUST00208,17-08-2024,53.79,cust00208@example.com
T102959,CUST00203,10-04-2024,78.42,cust00203@example.com
T101876,CUST00092,15-06-2024,87.23,cust00092@example.com
T100570,CUST00019,11-06-2024,167.38,cust00019@example.com
T100352,CUST00012,20-10-2024,191.98,cust00012@example.com
T100091,CUST00004,27-03-2024,201.25,cust00004@example.com
T102351,CUST00124,09-06-2024,113.06,cust00124@example.com
T102801,CUST00179,14-01-2024,84.47,cust00179@example.com
T101170,CUST00042,24-10-2024,184.88,cust00042@example.com
T101840,CUST00090,06-11-2024,69.77,cust00090@example.com
T101285,CUST00048,26-11-2024,81.42,cust00048@example.com
T103087,CUST00220,17-04-2024,30.92,cust00220@example.com
T102096,CUST00107,22-09-2024,86.21,cust00107@example.com
T101813,CUST00088,31-05-2024,41.68,cust00088@example.com
T101789,CUST00085,27-09-2024,81.47,cust00085@example.com
T101591,CUST00072,22-05-2024,119.3,cust00072@example.com
T101825,CUST00089,18-02-2024,82.42,cust00089@example.com
T100697,CUST00024,26-10-2024,178.81,cust00024@example.com
T102769,CUST00175,03-01-2024,70.78,cust00175@example.com
T100348,CUST00011,13-12-2024,143.68,cust00011@example.com
T103067,CUST00218,31-10-2023,87.9,cust00218@example.com
T102594,CUST00145,09-12-2023,38.57,cust00145@example.com
T102685,CUST00160,16-02-2024,31.16,cust00160@example.com
T102402,CUST00127,23-03-2024,72.77,cust00127@example.com
T101137,CUST00041,12-07-2024,164.17,cust00041@example.com
T102124,CUST00109,08-10-2024,118.73,cust00109@example.com
T103135,CUST00232,30-04-2024,42.76,cust00232@example.com
T103133,CUST00230,19-09-2023,39.49,cust00230@example.com
T103117,CUST00224,10-04-2024,30.82,cust00224@example.com
T101711,CUST00079,27-02-2024,44.91,cust00079@example.com
T101339,CUST00052,12-06-2024,42.45,cust00052@example.com
T102751,CUST00172,26-04-2024,70.45,cust00172@example.com
T100453,CUST00015,30-04-2024,234.08,cust00015@example.com
T100913,CUST00032,23-08-2024,149.6,cust00032@example.com
T102233,CUST00117,20-02-2024,108.18,cust00117@example.com
T101199,CUST00043,21-11-2024,102.11,cust00043@example.com
T101274,CUST00048,06-06-2024,78.44,cust00048@example.com
T102164,CUST00112,03-06-2024,77.7,cust00112@example.com
T100037,CUST00002,06-05-2024,96.6,cust00002@example.com
T100974,CUST00034,22-11-2024,85.3,cust00034@example.com
T103063,CUST00217,02-07-2024,67.42,cust00217@example.com
T100983,CUST00034,11-05-2024,92.77,cust00034@example.com
T101249,CUST00046,02-11-2024,89.33,cust00046@example.com
T102227,CUST00116,20-10-2024,87.87,cust00116@example.com
T101418,CUST00058,17-07-2024,76.18,cust00058@example.com
T101284,CUST00048,01-11-2024,66.12,cust00048@example.com
T103205,CUST00259,21-10-2023,52.71,cust00259@example.com
T100039,CUST00002,25-10-2024,154.83,cust00002@example.com
T101486,CUST00064,14-04-2024,71.69,cust00064@example.com
T102120,CUST00109,31-08-2024,104.29,cust00109@example.com
T100169,CUST00006,13-05-2024,180.45,cust00006@example.com
T101355,CUST00054,18-04-2024,109.87,cust00054@example.com
T100737,CUST00026,04-12-2024,218.82,cust00026@example.com
T102985,CUST00207,04-05-2024,88.02,cust00207@example.com
T102982,CUST00206,26-04-2024,72.29,cust00206@example.com
T101672,CUST00077,13-06-2024,109.44,cust00077@example.com
T101564,CUST00070,31-03-2024,105.81,cust00070@example.com
T102186,CUST00113,11-10-2024,109.7,cust00113@example.com
T100634,CUST00021,06-10-2024,98.22,cust00021@example.com
T102927,CUST00198,05-05-2024,89.09,cust00198@example.com
T102196,CUST00113,19-03-2024,76.83,cust00113@example.com
T101640,CUST00075,28-05-2024,83.2,cust00075@example.com
T101290,CUST00049,24-06-2024,71.75,cust00049@example.com
T102585,CUST00144,18-07-2024,67.49,cust00144@example.com
T101380,CUST00055,18-09-2024,53.08,cust00055@example.com
T100579,CUST00020,05-05-2024,123.9,cust00020@example.com
T100328,CUST00011,25-08-2024,151.33,cust00011@example.com
T102025,CUST00103,03-11-2024,60.81,cust00103@example.com
T100892,CUST00031,13-08-2024,221.14,cust00031@example.com
T101143,CUST00041,23-05-2024,176.17,cust00041@example.com
T100780,CUST00027,27-05-2024,197.97,cust00027@example.com
T101937,CUST00096,12-08-2024,106,cust00096@example.com
T100159,CUST00006,04-04-2024,203.8,cust00006@example.com
T101913,CUST00095,19-07-2024,69.46,cust00095@example.com
T102358,CUST00125,25-11-2024,82.72,cust00125@example.com
T103143,CUST00235,14-12-2023,39.22,cust00235@example.com
T100061,CUST00003,08-08-2024,126.13,cust00003@example.com
T100849,CUST00030,04-12-2024,181.22,cust00030@example.com
T102359,CUST00125,02-11-2024,51.37,cust00125@example.com
T103196,CUST00256,18-07-2023,57.35,cust00256@example.com
T101985,CUST00100,29-02-2024,46.45,cust00100@example.com
T101596,CUST00073,06-03-2024,61.93,cust00073@example.com
T101776,CUST00084,22-07-2024,95.05,cust00084@example.com
T101043,CUST00037,10-07-2024,186.4,cust00037@example.com
T102758,CUST00173,24-05-2024,72.46,cust00173@example.com
T101544,CUST00068,28-03-2024,117.03,cust00068@example.com
T102206,CUST00115,04-07-2024,62.4,cust00115@example.com
T101995,CUST00100,03-04-2024,92.56,cust00100@example.com
T101070,CUST00038,01-05-2024,130.37,cust00038@example.com
T100053,CUST00002,06-11-2024,232.12,cust00002@example.com
T103193,CUST00255,24-07-2023,29.7,cust00255@example.com
T102697,CUST00163,29-08-2024,48.71,cust00163@example.com
T101797,CUST00086,08-04-2024,45.77,cust00086@example.com
T100258,CUST00008,25-11-2024,176.91,cust00008@example.com
T100505,CUST00017,04-08-2024,107.64,cust00017@example.com
T100752,CUST00026,01-08-2024,186.71,cust00026@example.com
T102236,CUST00117,26-11-2024,111.38,cust00117@example.com
T100217,CUST00007,10-05-2024,206.9,cust00007@example.com
T100824,CUST00029,11-11-2024,171.36,cust00029@example.com
T102676,CUST00160,30-11-2023,52.07,cust00160@example.com
T100000,CUST00001,19-12-2024,143.67,cust00001@example.com
T102896,CUST00193,11-08-2024,62.35,cust00193@example.com
T101389,CUST00056,21-09-2024,76.3,cust00056@example.com
T102765,CUST00174,01-08-2024,87.48,cust00174@example.com
T101266,CUST00047,24-04-2024,71.4,cust00047@example.com
T102725,CUST00167,12-02-2024,48.17,cust00167@example.com
T102077,CUST00106,13-03-2024,76.1,cust00106@example.com
T101598,CUST00073,15-10-2024,46.85,cust00073@example.com
T102268,CUST00119,20-11-2024,58.99,cust00119@example.com
T101607,CUST00073,17-10-2024,104.03,cust00073@example.com
T102022,CUST00102,22-12-2024,114.95,cust00102@example.com
T100771,CUST00027,14-12-2024,223.9,cust00027@example.com
T103189,CUST00253,23-03-2024,50.52,cust00253@example.com
T103049,CUST00215,04-08-2024,45.86,cust00215@example.com
T101176,CUST00042,31-03-2024,212.57,cust00042@example.com
T102966,CUST00204,11-03-2024,73.62,cust00204@example.com
T101868,CUST00092,05-03-2024,50.54,cust00092@example.com
T101085,CUST00039,30-03-2024,159.46,cust00039@example.com
T103091,CUST00221,08-02-2024,87.45,cust00221@example.com
T101898,CUST00094,29-05-2024,68.43,cust00094@example.com
T101325,CUST00051,11-05-2024,66.95,cust00051@example.com
T102348,CUST00124,12-03-2024,87.49,cust00124@example.com
T101925,CUST00096,05-05-2024,47.44,cust00096@example.com
T100806,CUST00029,14-12-2024,238.84,cust00029@example.com
T102029,CUST00103,14-09-2024,92.33,cust00103@example.com
T101403,CUST00057,31-10-2024,98.91,cust00057@example.com
T102059,CUST00104,23-08-2024,83.63,cust00104@example.com
T102882,CUST00191,09-06-2024,42.42,cust00191@example.com
T102365,CUST00125,08-07-2024,43.5,cust00125@example.com
T102194,CUST00113,12-06-2024,48.88,cust00113@example.com
T101163,CUST00042,20-04-2024,206.4,cust00042@example.com
T100963,CUST00034,02-07-2024,146.18,cust00034@example.com
T103207,CUST00259,08-11-2023,48.68,cust00259@example.com
T100816,CUST00029,01-05-2024,180.52,cust00029@example.com
T100398,CUST00013,30-10-2024,207.65,cust00013@example.com
T100584,CUST00020,08-09-2024,187.68,cust00020@example.com
T100948,CUST00033,14-12-2024,228.56,cust00033@example.com
T100704,CUST00024,02-04-2024,90.77,cust00024@example.com
T100431,CUST00014,01-06-2024,209.46,cust00014@example.com
T101688,CUST00077,24-11-2024,88.5,cust00077@example.com
T100292,CUST00009,24-11-2024,219.84,cust00009@example.com
T100145,CUST00005,18-07-2024,86.27,cust00005@example.com
T100323,CUST00011,09-07-2024,127.59,cust00011@example.com
T102861,CUST00187,29-03-2024,46.95,cust00187@example.com
T102337,CUST00123,16-02-2024,69.52,cust00123@example.com
T101165,CUST00042,20-11-2024,219.05,cust00042@example.com
T101452,CUST00061,04-08-2024,109.51,cust00061@example.com
T100002,CUST00001,28-08-2024,204.44,cust00001@example.com
T101712,CUST00079,21-09-2024,102.46,cust00079@example.com
T100576,CUST00019,11-06-2024,105,cust00019@example.com
T102547,CUST00138,12-11-2023,54.45,cust00138@example.com
T100339,CUST00011,19-05-2024,96.63,cust00011@example.com
T101382,CUST00055,24-04-2024,117.55,cust00055@example.com
T103045,CUST00215,17-05-2024,72.27,cust00215@example.com
T100925,CUST00032,05-12-2024,83.82,cust00032@example.com
T100265,CUST00008,25-11-2024,205.93,cust00008@example.com
T100376,CUST00012,30-10-2024,223.63,cust00012@example.com
T102593,CUST00145,04-01-2024,61.21,cust00145@example.com
T101771,CUST00084,12-10-2024,102.8,cust00084@example.com
T101463,CUST00062,12-04-2024,92.63,cust00062@example.com
T100271,CUST00009,31-10-2024,217.72,cust00009@example.com
T100696,CUST00024,18-07-2024,129.07,cust00024@example.com
T103286,CUST00290,17-07-2023,32.45,cust00290@example.com
T100244,CUST00008,06-05-2024,82.63,cust00008@example.com
T103110,CUST00224,30-05-2024,68.26,cust00224@example.com
T100476,CUST00016,01-06-2024,92.55,cust00016@example.com
T102822,CUST00182,04-06-2024,68.06,cust00182@example.com
T102084,CUST00106,04-09-2024,83.1,cust00106@example.com
T100813,CUST00029,07-03-2024,236.54,cust00029@example.com
T103020,CUST00211,26-04-2024,47.15,cust00211@example.com
T101914,CUST00095,29-08-2024,75.89,cust00095@example.com
T102069,CUST00105,02-11-2024,66.42,cust00105@example.com
T102805,CUST00179,11-09-2024,88.64,cust00179@example.com
T103079,CUST00219,16-07-2024,86.68,cust00219@example.com
T103263,CUST00280,25-06-2023,15.82,cust00280@example.com
T101164,CUST00042,14-05-2024,107.33,cust00042@example.com
T101804,CUST00087,31-03-2024,67.98,cust00087@example.com
T102404,CUST00127,19-10-2024,94.17,cust00127@example.com
T100250,CUST00008,18-09-2024,130.06,cust00008@example.com
T100413,CUST00014,16-08-2024,177.48,cust00014@example.com
T100545,CUST00018,22-03-2024,140.89,cust00018@example.com
T101193,CUST00043,21-05-2024,185.56,cust00043@example.com
T100738,CUST00026,15-10-2024,154.65,cust00026@example.com
T100310,CUST00010,29-03-2024,154.63,cust00010@example.com
T102514,CUST00135,27-05-2024,90.13,cust00135@example.com
T100893,CUST00031,03-06-2024,147.52,cust00031@example.com
T101131,CUST00041,29-10-2024,164.3,cust00041@example.com
T101449,CUST00061,11-11-2024,94.66,cust00061@example.com
T103213,CUST00261,08-11-2023,46.23,cust00261@example.com
T100015,CUST00001,18-12-2024,111.18,cust00001@example.com
T102216,CUST00115,28-02-2024,106.35,cust00115@example.com
T100721,CUST00025,10-11-2024,110.81,cust00025@example.com
T101420,CUST00058,13-06-2024,65.29,cust00058@example.com
T102910,CUST00195,13-07-2024,43.82,cust00195@example.com
T100981,CUST00034,10-05-2024,211.06,cust00034@example.com
T102332,CUST00123,15-07-2024,88.3,cust00123@example.com
T101539,CUST00068,19-03-2024,82.01,cust00068@example.com
T102798,CUST00178,24-06-2024,88.87,cust00178@example.com
T101911,CUST00094,26-02-2024,110.13,cust00094@example.com
T101550,CUST00069,18-06-2024,116.11,cust00069@example.com
T103118,CUST00224,29-06-2024,44.9,cust00224@example.com
T100363,CUST00012,30-05-2024,172.75,cust00012@example.com
T100982,CUST00034,24-08-2024,98.12,cust00034@example.com
T100182,CUST00006,04-09-2024,237.2,cust00006@example.com
T100985,CUST00034,28-12-2024,164.23,cust00034@example.com
T102241,CUST00118,03-07-2024,42.77,cust00118@example.com
T101194,CUST00043,18-07-2024,87.78,cust00043@example.com
T102112,CUST00108,07-08-2024,54.74,cust00108@example.com
T102470,CUST00132,23-04-2024,58.22,cust00132@example.com
T101121,CUST00040,06-03-2024,242.46,cust00040@example.com
T102483,CUST00133,25-10-2024,51.9,cust00133@example.com
T100187,CUST00006,11-04-2024,174.38,cust00006@example.com
T100619,CUST00021,02-12-2024,207.2,cust00021@example.com
T101988,CUST00100,10-03-2024,74.95,cust00100@example.com
T101175,CUST00042,15-06-2024,171.8,cust00042@example.com
T101182,CUST00043,06-09-2024,187.55,cust00043@example.com
T102708,CUST00164,16-06-2024,31.05,cust00164@example.com
T102438,CUST00130,06-04-2024,83.31,cust00130@example.com
T100614,CUST00021,21-08-2024,228.51,cust00021@example.com
T101513,CUST00066,14-03-2024,41.46,cust00066@example.com
T101466,CUST00062,22-03-2024,118.17,cust00062@example.com
T100401,CUST00013,06-03-2024,233.43,cust00013@example.com
T100994,CUST00035,19-05-2024,141.37,cust00035@example.com
T100934,CUST00033,06-06-2024,109.19,cust00033@example.com
T100371,CUST00012,07-07-2024,83.1,cust00012@example.com
T102885,CUST00191,13-08-2024,86.45,cust00191@example.com
T102399,CUST00127,25-04-2024,90.95,cust00127@example.com
T100593,CUST00020,28-10-2024,138.76,cust00020@example.com
T102310,CUST00122,02-07-2024,80.59,cust00122@example.com
T100726,CUST00025,01-05-2024,103.76,cust00025@example.com
T100826,CUST00029,02-07-2024,138.88,cust00029@example.com
T101521,CUST00067,24-05-2024,114.75,cust00067@example.com
T102254,CUST00118,25-03-2024,110.32,cust00118@example.com
T100687,CUST00024,10-07-2024,127.6,cust00024@example.com
T103180,CUST00249,04-12-2023,19.97,cust00249@example.com
T100136,CUST00005,01-10-2024,168.19,cust00005@example.com
T102752,CUST00172,17-03-2024,45.59,cust00172@example.com
T100628,CUST00021,22-05-2024,86.24,cust00021@example.com
T100334,CUST00011,30-12-2024,87.82,cust00011@example.com
T101805,CUST00087,13-04-2024,101.97,cust00087@example.com
T100390,CUST00013,23-11-2024,248.39,cust00013@example.com
T103248,CUST00274,06-08-2023,54.17,cust00274@example.com
T101109,CUST00040,15-11-2024,106.16,cust00040@example.com
T102936,CUST00200,28-04-2024,76.84,cust00200@example.com
T101817,CUST00088,17-02-2024,101.54,cust00088@example.com
T102355,CUST00124,15-10-2024,49.64,cust00124@example.com
T102981,CUST00206,10-06-2024,44.1,cust00206@example.com
T100710,CUST00024,25-06-2024,209.24,cust00024@example.com
T101039,CUST00037,07-10-2024,133.6,cust00037@example.com
T102177,CUST00112,03-08-2024,91.43,cust00112@example.com
T103094,CUST00221,08-06-2024,41.31,cust00221@example.com
T102867,CUST00189,03-06-2024,75.53,cust00189@example.com
T101561,CUST00069,04-12-2024,58.95,cust00069@example.com
T103148,CUST00237,05-09-2023,50.43,cust00237@example.com
T103047,CUST00215,28-08-2024,50.79,cust00215@example.com
T101945,CUST00097,26-11-2024,81.38,cust00097@example.com
T101594,CUST00072,26-03-2024,97.95,cust00072@example.com
T103146,CUST00236,13-05-2023,55.29,cust00236@example.com
T102786,CUST00177,28-09-2024,87.64,cust00177@example.com
T101112,CUST00040,06-12-2024,118.05,cust00040@example.com
T100465,CUST00016,10-12-2024,143.73,cust00016@example.com
T101560,CUST00069,19-10-2024,68.27,cust00069@example.com
T101223,CUST00045,08-09-2024,240.41,cust00045@example.com
T102218,CUST00116,15-04-2024,109.82,cust00116@example.com
T103279,CUST00286,24-04-2023,50.62,cust00286@example.com
T102596,CUST00145,30-11-2023,46.28,cust00145@example.com
T101508,CUST00066,09-11-2024,88.63,cust00066@example.com
T101750,CUST00082,10-07-2024,82.82,cust00082@example.com
T101104,CUST00039,01-07-2024,249.13,cust00039@example.com
T100660,CUST00023,10-08-2024,140.54,cust00023@example.com
T102014,CUST00102,14-06-2024,82.59,cust00102@example.com
T102968,CUST00204,07-09-2024,86.83,cust00204@example.com
T100338,CUST00011,10-10-2024,160.61,cust00011@example.com
T100215,CUST00007,19-09-2024,120.33,cust00007@example.com
T101615,CUST00074,15-04-2024,93.56,cust00074@example.com
T101341,CUST00052,10-08-2024,77.01,cust00052@example.com
T102780,CUST00176,11-08-2024,33,cust00176@example.com
T102605,CUST00146,19-01-2024,60.67,cust00146@example.com
T103101,CUST00223,14-06-2024,74.9,cust00223@example.com
T101846,CUST00090,10-09-2024,49.72,cust00090@example.com
T101592,CUST00072,15-06-2024,50.27,cust00072@example.com
T102538,CUST00137,03-10-2024,75.21,cust00137@example.com
T102063,CUST00105,27-03-2024,76.74,cust00105@example.com
T102246,CUST00118,21-05-2024,45.09,cust00118@example.com
T100101,CUST00004,19-04-2024,188.19,cust00004@example.com
T102383,CUST00126,23-05-2024,74.48,cust00126@example.com
T100171,CUST00006,26-08-2024,82.82,cust00006@example.com
T100107,CUST00004,25-05-2024,208.44,cust00004@example.com
T102330,CUST00123,14-02-2024,60.61,cust00123@example.com
T103300,CUST00295,06-08-2023,34.51,cust00295@example.com
T102440,CUST00130,18-09-2024,84.3,cust00130@example.com
T102221,CUST00116,05-07-2024,83.26,cust00116@example.com
T102258,CUST00118,06-09-2024,65.36,cust00118@example.com
T102228,CUST00116,13-04-2024,63.78,cust00116@example.com
T102495,CUST00134,28-10-2024,79.39,cust00134@example.com
T102588,CUST00144,01-02-2024,44.52,cust00144@example.com
T102845,CUST00185,03-10-2024,51.43,cust00185@example.com
T101040,CUST00037,21-08-2024,171.71,cust00037@example.com
T101524,CUST00067,29-10-2024,78.87,cust00067@example.com
T102831,CUST00183,28-04-2024,69.75,cust00183@example.com
T100481,CUST00016,19-05-2024,198.28,cust00016@example.com
T102416,CUST00128,01-08-2024,70.74,cust00128@example.com
T102457,CUST00131,06-07-2024,90.1,cust00131@example.com
T101762,CUST00083,21-06-2024,47.85,cust00083@example.com
T102709,CUST00164,10-09-2024,47.6,cust00164@example.com
T102809,CUST00180,20-08-2024,73.1,cust00180@example.com
T102297,CUST00121,09-08-2024,42.94,cust00121@example.com
T100405,CUST00013,20-05-2024,232.24,cust00013@example.com
T100757,CUST00026,11-11-2024,170.69,cust00026@example.com
T102512,CUST00135,29-04-2024,75.87,cust00135@example.com
T100097,CUST00004,25-06-2024,152.68,cust00004@example.com
T101333,CUST00052,22-03-2024,119.71,cust00052@example.com
T103199,CUST00257,03-12-2023,32.67,cust00257@example.com
T103062,CUST00217,13-07-2024,65.94,cust00217@example.com
T102185,CUST00113,22-03-2024,115.06,cust00113@example.com
T102058,CUST00104,21-03-2024,92.08,cust00104@example.com
T102334,CUST00123,23-10-2024,49.16,cust00123@example.com
T100148,CUST00005,21-08-2024,88.75,cust00005@example.com
T100028,CUST00001,13-10-2024,180.71,cust00001@example.com
T102271,CUST00119,28-07-2024,70.76,cust00119@example.com
T102260,CUST00119,18-03-2024,101.91,cust00119@example.com
T100692,CUST00024,20-08-2024,166.29,cust00024@example.com
T101386,CUST00056,26-06-2024,101.88,cust00056@example.com
T101845,CUST00090,06-04-2024,59.26,cust00090@example.com
T102274,CUST00119,19-11-2024,116.04,cust00119@example.com
T101599,CUST00073,23-04-2024,111.54,cust00073@example.com
T100701,CUST00024,07-09-2024,88.81,cust00024@example.com
T101708,CUST00079,30-06-2024,89.57,cust00079@example.com
T100454,CUST00015,03-10-2024,98.9,cust00015@example.com
T102040,CUST00103,17-09-2024,108.05,cust00103@example.com
T102321,CUST00122,06-09-2024,97.12,cust00122@example.com
T100609,CUST00021,04-03-2024,197.37,cust00021@example.com
T100167,CUST00006,20-05-2024,111.71,cust00006@example.com
T100730,CUST00025,06-12-2024,107.93,cust00025@example.com
T102392,CUST00126,20-04-2024,74.44,cust00126@example.com
T102967,CUST00204,20-08-2024,63.72,cust00204@example.com
T102291,CUST00121,04-05-2024,62.45,cust00121@example.com
T101622,CUST00074,06-05-2024,84.98,cust00074@example.com
T100587,CUST00020,16-12-2024,101.91,cust00020@example.com
T101401,CUST00057,07-11-2024,53.41,cust00057@example.com
T101700,CUST00078,02-05-2024,117.27,cust00078@example.com
T102422,CUST00128,23-09-2024,100.5,cust00128@example.com
T102619,CUST00148,25-08-2024,48.8,cust00148@example.com
T101379,CUST00055,06-03-2024,87.44,cust00055@example.com
T102089,CUST00106,01-07-2024,70.43,cust00106@example.com
T102876,CUST00190,24-04-2024,59.85,cust00190@example.com
T102174,CUST00112,25-02-2024,58.17,cust00112@example.com
T102696,CUST00162,03-07-2024,70.65,cust00162@example.com
T100441,CUST00014,31-05-2024,247.73,cust00014@example.com
T102051,CUST00104,09-03-2024,78.78,cust00104@example.com
T101301,CUST00050,18-10-2024,114.9,cust00050@example.com
T102807,CUST00180,04-09-2024,39.7,cust00180@example.com
T101304,CUST00050,14-04-2024,96.72,cust00050@example.com
T100236,CUST00008,06-09-2024,127.73,cust00008@example.com
T100520,CUST00017,07-10-2024,181,cust00017@example.com
T100735,CUST00025,10-06-2024,229.12,cust00025@example.com
T102933,CUST00200,31-07-2024,62.67,cust00200@example.com
T102106,CUST00108,30-09-2024,108.57,cust00108@example.com
T100592,CUST00020,31-08-2024,110.92,cust00020@example.com
T101303,CUST00050,02-11-2024,83.3,cust00050@example.com
T101387,CUST00056,05-11-2024,50.47,cust00056@example.com
T102426,CUST00128,26-03-2024,49.29,cust00128@example.com
T102468,CUST00132,09-03-2024,78.04,cust00132@example.com
T103084,CUST00220,05-06-2024,72.07,cust00220@example.com
T100904,CUST00032,20-04-2024,151.64,cust00032@example.com
T102812,CUST00180,14-02-2024,70,cust00180@example.com
T101279,CUST00048,05-03-2024,79.91,cust00048@example.com
T102653,CUST00155,14-03-2024,33.14,cust00155@example.com
T103178,CUST00249,01-03-2024,51.64,cust00249@example.com
T102638,CUST00153,06-08-2024,87.05,cust00153@example.com
T102724,CUST00166,13-10-2024,53.88,cust00166@example.com
T102632,CUST00151,19-05-2024,30.26,cust00151@example.com
T100706,CUST00024,05-11-2024,134.8,cust00024@example.com
T103041,CUST00214,13-09-2024,88.24,cust00214@example.com
T100745,CUST00026,21-03-2024,232.93,cust00026@example.com
T101939,CUST00096,08-07-2024,46.16,cust00096@example.com
T102522,CUST00135,15-07-2024,63.95,cust00135@example.com
T100513,CUST00017,25-08-2024,227.23,cust00017@example.com
T100081,CUST00003,07-03-2024,185.96,cust00003@example.com
T101308,CUST00050,16-06-2024,67.16,cust00050@example.com
T102757,CUST00173,07-01-2024,83.41,cust00173@example.com
T100914,CUST00032,06-03-2024,173.85,cust00032@example.com
T103051,CUST00215,03-10-2024,58.98,cust00215@example.com
T100774,CUST00027,08-08-2024,215.54,cust00027@example.com
T100329,CUST00011,05-12-2024,122.11,cust00011@example.com
T102054,CUST00104,20-02-2024,108,cust00104@example.com
T102001,CUST00100,07-02-2024,59.76,cust00100@example.com
T100943,CUST00033,03-04-2024,221.06,cust00033@example.com
T100822,CUST00029,18-05-2024,136.69,cust00029@example.com
T100909,CUST00032,13-06-2024,144.55,cust00032@example.com
T100181,CUST00006,30-11-2024,99.29,cust00006@example.com
T100164,CUST00006,24-07-2024,95.35,cust00006@example.com
T101523,CUST00067,22-11-2024,48.11,cust00067@example.com
T100451,CUST00015,10-09-2024,174.93,cust00015@example.com
T101311,CUST00051,03-05-2024,111.59,cust00051@example.com
T101111,CUST00040,21-12-2024,118.15,cust00040@example.com
T102754,CUST00173,28-05-2024,85.05,cust00173@example.com
T101287,CUST00049,29-09-2024,68.05,cust00049@example.com
T100327,CUST00011,25-04-2024,183.99,cust00011@example.com
T101790,CUST00085,06-04-2024,52.01,cust00085@example.com
T102935,CUST00200,12-07-2024,40.04,cust00200@example.com
T102007,CUST00101,11-05-2024,102.14,cust00101@example.com
T101858,CUST00091,08-07-2024,107.36,cust00091@example.com
T100312,CUST00010,16-03-2024,84.31,cust00010@example.com
T100832,CUST00029,12-07-2024,103.95,cust00029@example.com
T101201,CUST00044,24-05-2024,84.18,cust00044@example.com
T102561,CUST00140,30-03-2024,72.43,cust00140@example.com
T102179,CUST00113,25-04-2024,81.01,cust00113@example.com
T102134,CUST00110,11-05-2024,97.55,cust00110@example.com
T102570,CUST00141,06-05-2024,54.31,cust00141@example.com
T101481,CUST00063,07-08-2024,49.62,cust00063@example.com
T100777,CUST00027,02-09-2024,202.78,cust00027@example.com
T100799,CUST00028,21-03-2024,236.82,cust00028@example.com
T100054,CUST00002,16-06-2024,181.64,cust00002@example.com
T101920,CUST00095,26-07-2024,95.65,cust00095@example.com
T102857,CUST00187,25-04-2024,32.34,cust00187@example.com
T102816,CUST00181,23-08-2024,59.93,cust00181@example.com
T101701,CUST00078,03-05-2024,74.6,cust00078@example.com
T102161,CUST00111,26-09-2024,89.67,cust00111@example.com
T103103,CUST00223,30-12-2023,56.04,cust00223@example.com
T100987,CUST00035,18-03-2024,153.92,cust00035@example.com
T102694,CUST00162,29-07-2024,87.81,cust00162@example.com
T101394,CUST00056,25-03-2024,66.96,cust00056@example.com
T100768,CUST00027,14-05-2024,138.15,cust00027@example.com
T102932,CUST00199,22-03-2024,34.71,cust00199@example.com
T100285,CUST00009,31-08-2024,86.11,cust00009@example.com
T102916,CUST00196,19-04-2024,74.51,cust00196@example.com
T100428,CUST00014,19-07-2024,139.66,cust00014@example.com
T102079,CUST00106,20-07-2024,101.76,cust00106@example.com
T100722,CUST00025,26-12-2024,91.3,cust00025@example.com
T100951,CUST00033,07-08-2024,193.06,cust00033@example.com
T100989,CUST00035,15-11-2024,219.25,cust00035@example.com
T103088,CUST00221,30-06-2024,64.98,cust00221@example.com
T102247,CUST00118,14-02-2024,106.51,cust00118@example.com
T100326,CUST00011,17-04-2024,174.24,cust00011@example.com
T101383,CUST00056,17-11-2024,60.65,cust00056@example.com
T101724,CUST00080,28-03-2024,95.37,cust00080@example.com
T101086,CUST00039,31-05-2024,184.28,cust00039@example.com
T100341,CUST00011,27-05-2024,160.49,cust00011@example.com
T100147,CUST00005,23-11-2024,165.46,cust00005@example.com
T102587,CUST00144,08-08-2024,70.96,cust00144@example.com
T101107,CUST00039,12-08-2024,208.9,cust00039@example.com
T100848,CUST00030,03-06-2024,165.37,cust00030@example.com
T100966,CUST00034,19-10-2024,202.24,cust00034@example.com
T102723,CUST00166,04-03-2024,57.48,cust00166@example.com
T102203,CUST00114,28-02-2024,43.36,cust00114@example.com
T100661,CUST00023,20-03-2024,247.71,cust00023@example.com
T101002,CUST00035,23-08-2024,228.4,cust00035@example.com
T102589,CUST00144,04-04-2024,72.84,cust00144@example.com
T102782,CUST00176,22-11-2023,88.87,cust00176@example.com
T102934,CUST00200,15-08-2024,72.56,cust00200@example.com
T101879,CUST00093,23-02-2024,85.2,cust00093@example.com
T103114,CUST00224,24-03-2024,41.96,cust00224@example.com
T101203,CUST00044,24-06-2024,135.01,cust00044@example.com
T101990,CUST00100,07-07-2024,101.24,cust00100@example.com
T100024,CUST00001,11-10-2024,157.53,cust00001@example.com
T103107,CUST00223,28-02-2024,30.54,cust00223@example.com
T102244,CUST00118,16-06-2024,108.46,cust00118@example.com
T103023,CUST00211,30-07-2024,49.95,cust00211@example.com
T102778,CUST00176,21-06-2024,56.73,cust00176@example.com
T100875,CUST00031,15-10-2024,106.55,cust00031@example.com
T103184,CUST00251,27-09-2023,38.18,cust00251@example.com
T100938,CUST00033,19-08-2024,100.02,cust00033@example.com
T102770,CUST00175,09-08-2024,34.57,cust00175@example.com
T103284,CUST00289,18-12-2023,35.98,cust00289@example.com
T100385,CUST00013,16-12-2024,216.59,cust00013@example.com
T102540,CUST00137,14-10-2024,69.51,cust00137@example.com
T102771,CUST00175,19-12-2023,46.48,cust00175@example.com
T102662,CUST00157,20-07-2024,42.94,cust00157@example.com
T102313,CUST00122,16-10-2024,96.18,cust00122@example.com
T100936,CUST00033,24-11-2024,83.13,cust00033@example.com
T102851,CUST00186,13-08-2024,44.42,cust00186@example.com
T103231,CUST00269,28-09-2023,42.35,cust00269@example.com
T101332,CUST00052,30-10-2024,58.28,cust00052@example.com
T101934,CUST00096,15-07-2024,94.12,cust00096@example.com
T100935,CUST00033,14-10-2024,126.29,cust00033@example.com
T100566,CUST00019,30-04-2024,146.68,cust00019@example.com
T101854,CUST00091,23-03-2024,113.51,cust00091@example.com
T103182,CUST00250,18-06-2023,28.94,cust00250@example.com
T101645,CUST00075,08-03-2024,100.42,cust00075@example.com
T102347,CUST00124,03-10-2024,68.95,cust00124@example.com
T101792,CUST00085,22-04-2024,80.98,cust00085@example.com
T101430,CUST00059,13-08-2024,76.38,cust00059@example.com
T103208,CUST00259,25-11-2023,34.76,cust00259@example.com
T101013,CUST00036,22-04-2024,86.7,cust00036@example.com
T101928,CUST00096,28-06-2024,91.39,cust00096@example.com
T102699,CUST00163,20-03-2024,76.38,cust00163@example.com
T100126,CUST00005,10-08-2024,219.06,cust00005@example.com
T102318,CUST00122,03-04-2024,73.75,cust00122@example.com
T101347,CUST00053,19-09-2024,69.68,cust00053@example.com
T100355,CUST00012,21-06-2024,189.21,cust00012@example.com
T100827,CUST00029,01-06-2024,138.98,cust00029@example.com
T101639,CUST00075,29-05-2024,114.16,cust00075@example.com
T100984,CUST00034,24-08-2024,203.79,cust00034@example.com
T102188,CUST00113,16-08-2024,103.08,cust00113@example.com
T100362,CUST00012,13-03-2024,157.9,cust00012@example.com
T100345,CUST00011,23-11-2024,184.69,cust00011@example.com
T102914,CUST00196,25-04-2024,43.46,cust00196@example.com
T102810,CUST00180,24-02-2024,44.84,cust00180@example.com
T100711,CUST00024,26-09-2024,181.26,cust00024@example.com
T102283,CUST00120,19-02-2024,43.65,cust00120@example.com
T100010,CUST00001,16-12-2024,83.5,cust00001@example.com
T102669,CUST00158,11-02-2024,48.94,cust00158@example.com
T102116,CUST00109,23-03-2024,75.23,cust00109@example.com
T101834,CUST00089,22-05-2024,104.94,cust00089@example.com
T100793,CUST00028,20-10-2024,183.95,cust00028@example.com
T103056,CUST00216,16-04-2024,66.22,cust00216@example.com
T100094,CUST00004,22-05-2024,211.06,cust00004@example.com
T100129,CUST00005,07-04-2024,166.83,cust00005@example.com
T102481,CUST00133,29-04-2024,110.17,cust00133@example.com
T103210,CUST00260,06-03-2024,22.22,cust00260@example.com
T102263,CUST00119,24-10-2024,75.47,cust00119@example.com
T101900,CUST00094,10-09-2024,84.34,cust00094@example.com
T102425,CUST00128,19-07-2024,112.01,cust00128@example.com
T102646,CUST00154,03-05-2024,87.41,cust00154@example.com
T101932,CUST00096,30-05-2024,84.85,cust00096@example.com
T102378,CUST00126,30-07-2024,75.71,cust00126@example.com
T101865,CUST00091,14-02-2024,114.99,cust00091@example.com
T101658,CUST00076,04-08-2024,71.76,cust00076@example.com
T100516,CUST00017,13-07-2024,144,cust00017@example.com
T101857,CUST00091,24-02-2024,76.84,cust00091@example.com
T102243,CUST00118,23-08-2024,119.64,cust00118@example.com
T101277,CUST00048,07-07-2024,118.93,cust00048@example.com
T100950,CUST00033,03-09-2024,182.09,cust00033@example.com
T101120,CUST00040,16-09-2024,231.09,cust00040@example.com
T102204,CUST00114,21-08-2024,99.19,cust00114@example.com
T100419,CUST00014,15-09-2024,207.9,cust00014@example.com
T100922,CUST00032,09-06-2024,232.07,cust00032@example.com
T102437,CUST00130,18-08-2024,67.23,cust00130@example.com
T100477,CUST00016,20-08-2024,174.16,cust00016@example.com
T102035,CUST00103,30-05-2024,67.96,cust00103@example.com
T102413,CUST00127,14-07-2024,42.2,cust00127@example.com
T101692,CUST00078,20-02-2024,71.89,cust00078@example.com
T102451,CUST00130,26-06-2024,117.31,cust00130@example.com
T101471,CUST00062,25-09-2024,99.08,cust00062@example.com
T101202,CUST00044,12-11-2024,83.76,cust00044@example.com
T101669,CUST00076,19-09-2024,105.4,cust00076@example.com
T103069,CUST00218,21-04-2024,70.56,cust00218@example.com
T101970,CUST00099,23-05-2024,41.94,cust00099@example.com
T102151,CUST00111,25-08-2024,53.9,cust00111@example.com
T100820,CUST00029,26-09-2024,216.49,cust00029@example.com
T101997,CUST00100,20-08-2024,45.52,cust00100@example.com
T103167,CUST00244,02-05-2023,19.74,cust00244@example.com
T101248,CUST00046,03-12-2024,113.67,cust00046@example.com
T103294,CUST00293,26-07-2023,58.56,cust00293@example.com
T102940,CUST00200,17-07-2024,45.92,cust00200@example.com
T102190,CUST00113,05-09-2024,60.82,cust00113@example.com
T102887,CUST00192,09-08-2024,54.56,cust00192@example.com
T101046,CUST00037,22-11-2024,119.6,cust00037@example.com
T101888,CUST00093,30-08-2024,98.12,cust00093@example.com
T100615,CUST00021,01-11-2024,236.55,cust00021@example.com
T101318,CUST00051,11-04-2024,46.53,cust00051@example.com
T103186,CUST00251,26-06-2023,31.06,cust00251@example.com
T102136,CUST00110,22-08-2024,46.35,cust00110@example.com
T102718,CUST00165,05-08-2024,80.82,cust00165@example.com
T101772,CUST00084,25-06-2024,111.37,cust00084@example.com
T103261,CUST00279,16-07-2023,37.85,cust00279@example.com
T100131,CUST00005,23-07-2024,117.76,cust00005@example.com
T100077,CUST00003,31-05-2024,92.59,cust00003@example.com
T102052,CUST00104,02-06-2024,53.26,cust00104@example.com
T100724,CUST00025,09-08-2024,177.66,cust00025@example.com
T101314,CUST00051,09-05-2024,76.19,cust00051@example.com
T101851,CUST00090,03-09-2024,105.28,cust00090@example.com
T103228,CUST00267,06-11-2023,19.74,cust00267@example.com
T102542,CUST00137,31-08-2024,80.76,cust00137@example.com
T103280,CUST00287,29-09-2023,35.31,cust00287@example.com
T101372,CUST00055,08-04-2024,108.35,cust00055@example.com
T101855,CUST00091,11-03-2024,60.18,cust00091@example.com
T101319,CUST00051,31-05-2024,44.83,cust00051@example.com
T103173,CUST00246,20-10-2023,22.22,cust00246@example.com
T102405,CUST00127,27-11-2024,88.46,cust00127@example.com
T100375,CUST00012,04-10-2024,134.23,cust00012@example.com
T101908,CUST00094,31-08-2024,66.15,cust00094@example.com
T100333,CUST00011,09-12-2024,99.73,cust00011@example.com
T102496,CUST00134,17-08-2024,86.18,cust00134@example.com
T102548,CUST00138,19-01-2024,54.43,cust00138@example.com
T101604,CUST00073,29-06-2024,45.55,cust00073@example.com
T101118,CUST00040,26-11-2024,125.15,cust00040@example.com
T103125,CUST00228,29-04-2024,42.3,cust00228@example.com
T101943,CUST00097,21-08-2024,96.61,cust00097@example.com
T102506,CUST00134,02-11-2024,108.32,cust00134@example.com
T102787,CUST00177,08-04-2024,41.82,cust00177@example.com
T101342,CUST00053,09-08-2024,109.46,cust00053@example.com
T100320,CUST00011,14-08-2024,173.37,cust00011@example.com
T101619,CUST00074,12-07-2024,98.45,cust00074@example.com
T102702,CUST00163,26-03-2024,37.53,cust00163@example.com
T102060,CUST00104,15-02-2024,44.98,cust00104@example.com
T102219,CUST00116,11-03-2024,49.01,cust00116@example.com
T101673,CUST00077,04-11-2024,104.47,cust00077@example.com
T101942,CUST00097,25-02-2024,102.79,cust00097@example.com
T100260,CUST00008,29-02-2024,184.55,cust00008@example.com
T102602,CUST00146,27-08-2024,74.92,cust00146@example.com
T102039,CUST00103,04-04-2024,60.08,cust00103@example.com
T100689,CUST00024,08-05-2024,111.8,cust00024@example.com
T100901,CUST00032,08-10-2024,84.51,cust00032@example.com
T102306,CUST00122,11-04-2024,46.97,cust00122@example.com
T102026,CUST00103,05-10-2024,98.47,cust00103@example.com
T100138,CUST00005,26-03-2024,141.82,cust00005@example.com
T101917,CUST00095,12-04-2024,87.44,cust00095@example.com
T101828,CUST00089,21-09-2024,103.9,cust00089@example.com
T101573,CUST00070,01-11-2024,109.02,cust00070@example.com
T100319,CUST00011,13-10-2024,122.54,cust00011@example.com
T100653,CUST00022,15-04-2024,206.72,cust00022@example.com
T102137,CUST00110,03-12-2024,98.52,cust00110@example.com
T102808,CUST00180,31-05-2024,58.61,cust00180@example.com
T100558,CUST00019,24-03-2024,208.37,cust00019@example.com
T102187,CUST00113,03-06-2024,101.29,cust00113@example.com
T100112,CUST00004,01-04-2024,238.05,cust00004@example.com
T100531,CUST00018,12-09-2024,249.95,cust00018@example.com
T100224,CUST00007,17-11-2024,125.08,cust00007@example.com
T100723,CUST00025,14-03-2024,205.99,cust00025@example.com
T102682,CUST00160,24-12-2023,30.88,cust00160@example.com
T102840,CUST00184,07-08-2024,53.55,cust00184@example.com
T101433,CUST00060,04-10-2024,93.35,cust00060@example.com
T102373,CUST00125,13-06-2024,74.39,cust00125@example.com
T102577,CUST00142,29-02-2024,66.21,cust00142@example.com
T102648,CUST00154,17-07-2024,55.96,cust00154@example.com
T101458,CUST00061,03-08-2024,57.25,cust00061@example.com
T102984,CUST00207,20-08-2024,62.79,cust00207@example.com
T100846,CUST00030,29-03-2024,94.51,cust00030@example.com
T100193,CUST00007,08-03-2024,187.63,cust00007@example.com
T101464,CUST00062,13-07-2024,119.95,cust00062@example.com
T100946,CUST00033,27-04-2024,103.27,cust00033@example.com
T102021,CUST00102,09-03-2024,84.81,cust00102@example.com
T101629,CUST00074,12-11-2024,76.03,cust00074@example.com
T100117,CUST00004,28-03-2024,111.72,cust00004@example.com
T100645,CUST00022,04-08-2024,231.39,cust00022@example.com
T101870,CUST00092,01-09-2024,105.42,cust00092@example.com
T100003,CUST00001,08-09-2024,181.77,cust00001@example.com
T100074,CUST00003,27-08-2024,200.17,cust00003@example.com
T101755,CUST00083,12-11-2024,104.12,cust00083@example.com
T100467,CUST00016,19-08-2024,227.66,cust00016@example.com
T100005,CUST00001,09-11-2024,106.52,cust00001@example.com
T101246,CUST00046,13-11-2024,50.5,cust00046@example.com
T100919,CUST00032,14-07-2024,103.82,cust00032@example.com
T100228,CUST00008,23-03-2024,231.65,cust00008@example.com
T101063,CUST00038,27-08-2024,151.02,cust00038@example.com
T100242,CUST00008,08-06-2024,235.53,cust00008@example.com
T102952,CUST00202,30-08-2024,72.86,cust00202@example.com
T101160,CUST00042,05-06-2024,220.39,cust00042@example.com
T102779,CUST00176,20-01-2024,42.55,cust00176@example.com
T102476,CUST00133,21-09-2024,50.45,cust00133@example.com
T101526,CUST00067,25-03-2024,62.79,cust00067@example.com
T101605,CUST00073,15-06-2024,81.52,cust00073@example.com
T103080,CUST00220,25-04-2024,74.19,cust00220@example.com
T103291,CUST00291,24-08-2023,54.48,cust00291@example.com
T102575,CUST00142,30-06-2024,68.43,cust00142@example.com
T102813,CUST00180,05-09-2024,39.76,cust00180@example.com
T101989,CUST00100,29-03-2024,98.36,cust00100@example.com
T102600,CUST00145,30-06-2024,67.77,cust00145@example.com
T102362,CUST00125,14-11-2024,63.6,cust00125@example.com
T101975,CUST00099,18-09-2024,115.25,cust00099@example.com
T101761,CUST00083,30-08-2024,107.55,cust00083@example.com
T101305,CUST00050,14-11-2024,109.68,cust00050@example.com
T101541,CUST00068,08-11-2024,48.55,cust00068@example.com
T100622,CUST00021,18-05-2024,142.98,cust00021@example.com
T102560,CUST00140,06-05-2024,77.67,cust00140@example.com
T101493,CUST00064,23-05-2024,45.86,cust00064@example.com
T100110,CUST00004,15-06-2024,129.26,cust00004@example.com
T102275,CUST00119,04-08-2024,88.05,cust00119@example.com
T102509,CUST00134,05-04-2024,111.45,cust00134@example.com
T101169,CUST00042,24-11-2024,128.8,cust00042@example.com
T102719,CUST00165,18-04-2024,31.42,cust00165@example.com
T100232,CUST00008,30-09-2024,178.07,cust00008@example.com
T100066,CUST00003,30-09-2024,103.96,cust00003@example.com
T102991,CUST00208,05-06-2024,78,cust00208@example.com
T102072,CUST00105,20-11-2024,56.39,cust00105@example.com
T102192,CUST00113,08-11-2024,93.66,cust00113@example.com
T100536,CUST00018,07-03-2024,224.44,cust00018@example.com
T100125,CUST00005,21-12-2024,152.61,cust00005@example.com
T102133,CUST00109,22-11-2024,82.19,cust00109@example.com
T101254,CUST00047,17-09-2024,94.85,cust00047@example.com
T102745,CUST00171,10-02-2024,76.88,cust00171@example.com
T101976,CUST00099,27-07-2024,60.74,cust00099@example.com
T102720,CUST00165,05-12-2023,83.91,cust00165@example.com
T102574,CUST00142,01-11-2023,43.56,cust00142@example.com
T102075,CUST00105,31-03-2024,109.65,cust00105@example.com
T100484,CUST00016,01-04-2024,179.33,cust00016@example.com
T101654,CUST00076,26-03-2024,47.01,cust00076@example.com
T102956,CUST00202,20-09-2024,73.74,cust00202@example.com
T102510,CUST00134,01-04-2024,45,cust00134@example.com
T102656,CUST00155,07-11-2023,79.33,cust00155@example.com
T101774,CUST00084,11-04-2024,102.95,cust00084@example.com
T102410,CUST00127,27-06-2024,95.06,cust00127@example.com
T100918,CUST00032,01-12-2024,209.81,cust00032@example.com
T101646,CUST00075,31-05-2024,50.22,cust00075@example.com
T101026,CUST00036,11-03-2024,226.55,cust00036@example.com
T101030,CUST00036,03-08-2024,86.29,cust00036@example.com
T100882,CUST00031,05-05-2024,83.35,cust00031@example.com
T101335,CUST00052,12-03-2024,92.03,cust00052@example.com
T102461,CUST00131,19-06-2024,110.43,cust00131@example.com
T100364,CUST00012,06-10-2024,240.05,cust00012@example.com
T102125,CUST00109,07-08-2024,93.43,cust00109@example.com
T100027,CUST00001,11-08-2024,167.42,cust00001@example.com
T100473,CUST00016,14-09-2024,231.49,cust00016@example.com
T100525,CUST00017,21-11-2024,159.68,cust00017@example.com
T100725,CUST00025,06-05-2024,223.11,cust00025@example.com
T100055,CUST00002,07-08-2024,236.72,cust00002@example.com
T100638,CUST00022,21-04-2024,125.77,cust00022@example.com
T100302,CUST00010,19-11-2024,171.91,cust00010@example.com
T102881,CUST00191,22-04-2024,81.3,cust00191@example.com
T101276,CUST00048,04-10-2024,59.36,cust00048@example.com
T102912,CUST00196,07-05-2024,73.76,cust00196@example.com
T100624,CUST00021,18-11-2024,185.1,cust00021@example.com
T102055,CUST00104,08-10-2024,93.52,cust00104@example.com
T101280,CUST00048,25-06-2024,89.45,cust00048@example.com
T101049,CUST00037,10-06-2024,83.62,cust00037@example.com
T100336,CUST00011,26-10-2024,225.43,cust00011@example.com
T100047,CUST00002,22-11-2024,168.41,cust00002@example.com
T100106,CUST00004,07-10-2024,149.77,cust00004@example.com
T102397,CUST00127,06-09-2024,42.04,cust00127@example.com
T101079,CUST00039,02-09-2024,241.49,cust00039@example.com
T102286,CUST00120,19-11-2024,117.72,cust00120@example.com
T102261,CUST00119,21-08-2024,88.15,cust00119@example.com
T101144,CUST00041,30-03-2024,125.39,cust00041@example.com
T102637,CUST00152,25-12-2023,75.66,cust00152@example.com
T102296,CUST00121,25-09-2024,57.53,cust00121@example.com
T101836,CUST00089,16-08-2024,50.25,cust00089@example.com
T101753,CUST00083,24-04-2024,59.3,cust00083@example.com
T101101,CUST00039,11-11-2024,244.75,cust00039@example.com
T101968,CUST00099,03-12-2024,66.76,cust00099@example.com
T103030,CUST00213,05-08-2024,41.94,cust00213@example.com
T100523,CUST00017,06-10-2024,223.16,cust00017@example.com
T102280,CUST00120,19-11-2024,60.35,cust00120@example.com
T101428,CUST00059,25-06-2024,91.13,cust00059@example.com
T102880,CUST00190,18-01-2024,49.89,cust00190@example.com
T100603,CUST00021,01-10-2024,95.08,cust00021@example.com
T101489,CUST00064,02-05-2024,75.9,cust00064@example.com
T102599,CUST00145,15-04-2024,38.03,cust00145@example.com
T100060,CUST00002,29-06-2024,146.08,cust00002@example.com
T103037,CUST00213,11-12-2023,88.82,cust00213@example.com
T100671,CUST00023,30-04-2024,232.45,cust00023@example.com
T100092,CUST00004,15-08-2024,209.33,cust00004@example.com
T100666,CUST00023,28-08-2024,121.81,cust00023@example.com
T101887,CUST00093,15-05-2024,59.73,cust00093@example.com
T100280,CUST00009,08-04-2024,231.3,cust00009@example.com
T101719,CUST00080,25-09-2024,59.13,cust00080@example.com
T100359,CUST00012,19-08-2024,177.83,cust00012@example.com
T100899,CUST00031,02-08-2024,94.54,cust00031@example.com
T101935,CUST00096,23-03-2024,104.4,cust00096@example.com
T101994,CUST00100,01-09-2024,100.11,cust00100@example.com
T102923,CUST00197,13-07-2024,40.9,cust00197@example.com
T100760,CUST00026,18-08-2024,105.78,cust00026@example.com
T102158,CUST00111,06-08-2024,76.03,cust00111@example.com
T102897,CUST00193,30-06-2024,46.95,cust00193@example.com
T100042,CUST00002,20-03-2024,85.85,cust00002@example.com
T102173,CUST00112,24-08-2024,108.46,cust00112@example.com
T100204,CUST00007,23-05-2024,183.09,cust00007@example.com
T101473,CUST00063,17-06-2024,72.33,cust00063@example.com
T102100,CUST00108,20-05-2024,113.21,cust00108@example.com
T100068,CUST00003,11-06-2024,92.67,cust00003@example.com
T101875,CUST00092,02-04-2024,83.38,cust00092@example.com
T102630,CUST00150,16-02-2024,67.96,cust00150@example.com
T102231,CUST00117,07-05-2024,43.85,cust00117@example.com
T100137,CUST00005,21-03-2024,199.51,cust00005@example.com
T100796,CUST00028,30-05-2024,238.46,cust00028@example.com
T102180,CUST00113,19-11-2024,64.42,cust00113@example.com
T102128,CUST00109,10-12-2024,110.55,cust00109@example.com
T100758,CUST00026,16-09-2024,231.96,cust00026@example.com
T100541,CUST00018,27-07-2024,183.05,cust00018@example.com
T101019,CUST00036,26-08-2024,85.77,cust00036@example.com
T102534,CUST00136,18-07-2024,74.27,cust00136@example.com
T100165,CUST00006,09-06-2024,222,cust00006@example.com
T100248,CUST00008,19-04-2024,243.82,cust00008@example.com
T101331,CUST00052,13-09-2024,97.54,cust00052@example.com
T102017,CUST00102,13-08-2024,111.99,cust00102@example.com
T100446,CUST00015,07-03-2024,247.62,cust00015@example.com
T102482,CUST00133,22-05-2024,115.52,cust00133@example.com
T101358,CUST00054,17-04-2024,62.15,cust00054@example.com
T102145,CUST00111,29-07-2024,105.73,cust00111@example.com
T101329,CUST00052,17-08-2024,79.86,cust00052@example.com
T103216,CUST00262,27-09-2023,22.44,cust00262@example.com
T102150,CUST00111,13-07-2024,66.82,cust00111@example.com
T100434,CUST00014,20-10-2024,94.3,cust00014@example.com
T102122,CUST00109,05-05-2024,117.37,cust00109@example.com
T100577,CUST00019,02-08-2024,237.52,cust00019@example.com
T102642,CUST00153,04-06-2024,76.91,cust00153@example.com
T103068,CUST00218,13-02-2024,45.05,cust00218@example.com
T102448,CUST00130,08-06-2024,44.61,cust00130@example.com
T101848,CUST00090,15-09-2024,110.95,cust00090@example.com
T100762,CUST00026,12-10-2024,122.24,cust00026@example.com
T100388,CUST00013,13-07-2024,207.6,cust00013@example.com
T100235,CUST00008,22-04-2024,202.82,cust00008@example.com
T102878,CUST00190,02-02-2024,65.47,cust00190@example.com
T101984,CUST00099,04-05-2024,50.68,cust00099@example.com
T100267,CUST00009,26-11-2024,199.42,cust00009@example.com
T100770,CUST00027,03-08-2024,98.81,cust00027@example.com
T102165,CUST00112,15-05-2024,118.33,cust00112@example.com
T100437,CUST00014,13-06-2024,219.72,cust00014@example.com
T100673,CUST00023,14-05-2024,169.17,cust00023@example.com
T100249,CUST00008,06-10-2024,225.01,cust00008@example.com
T102201,CUST00114,05-09-2024,48.86,cust00114@example.com
T101574,CUST00070,13-08-2024,57.34,cust00070@example.com
T102142,CUST00110,05-09-2024,96.82,cust00110@example.com
T102081,CUST00106,05-06-2024,45.22,cust00106@example.com
T102892,CUST00192,21-06-2024,76.27,cust00192@example.com
T102849,CUST00186,25-04-2024,51.51,cust00186@example.com
T103027,CUST00212,23-05-2024,68.5,cust00212@example.com
T100448,CUST00015,04-05-2024,143.96,cust00015@example.com
T101469,CUST00062,13-09-2024,102.59,cust00062@example.com
T100716,CUST00025,05-12-2024,221.21,cust00025@example.com
T102649,CUST00154,30-10-2023,57.46,cust00154@example.com
T103265,CUST00281,17-10-2023,18.11,cust00281@example.com
T102048,CUST00104,24-10-2024,83.48,cust00104@example.com
T101901,CUST00094,16-04-2024,40.42,cust00094@example.com
T102760,CUST00173,15-05-2024,38.84,cust00173@example.com
T101168,CUST00042,13-10-2024,81.09,cust00042@example.com
T100082,CUST00004,10-09-2024,136.25,cust00004@example.com
T102677,CUST00160,21-09-2024,33.49,cust00160@example.com
T101460,CUST00061,07-04-2024,71.51,cust00061@example.com
T101893,CUST00093,03-10-2024,56.32,cust00093@example.com
T101668,CUST00076,29-04-2024,49.31,cust00076@example.com
T102000,CUST00100,25-06-2024,60.94,cust00100@example.com
T100475,CUST00016,13-04-2024,248.8,cust00016@example.com
T100517,CUST00017,22-03-2024,217.79,cust00017@example.com
T100404,CUST00013,03-11-2024,134.41,cust00013@example.com
T100384,CUST00013,05-09-2024,204.96,cust00013@example.com
T102687,CUST00161,19-03-2024,54.82,cust00161@example.com
T102152,CUST00111,23-07-2024,96.96,cust00111@example.com
T101633,CUST00075,02-06-2024,103.64,cust00075@example.com
T103157,CUST00240,14-11-2023,17.88,cust00240@example.com
T100688,CUST00024,29-06-2024,210.81,cust00024@example.com
T101240,CUST00045,26-07-2024,227.67,cust00045@example.com
T100062,CUST00003,16-11-2024,220.89,cust00003@example.com
T100852,CUST00030,29-06-2024,115.68,cust00030@example.com
T103039,CUST00214,22-09-2024,61.12,cust00214@example.com
T102792,CUST00178,13-01-2024,64.17,cust00178@example.com
T101262,CUST00047,17-09-2024,64.83,cust00047@example.com
T100223,CUST00007,20-08-2024,142.51,cust00007@example.com
T102193,CUST00113,02-05-2024,84.84,cust00113@example.com
T100373,CUST00012,19-08-2024,196.11,cust00012@example.com
T101824,CUST00089,09-04-2024,91.51,cust00089@example.com
T102804,CUST00179,19-12-2023,61.29,cust00179@example.com
T103168,CUST00244,22-10-2023,49.4,cust00244@example.com
T102995,CUST00208,16-07-2024,81.92,cust00208@example.com
T102965,CUST00204,15-07-2024,72.07,cust00204@example.com
T100009,CUST00001,15-12-2024,200.37,cust00001@example.com
T102497,CUST00134,24-06-2024,109.25,cust00134@example.com
T101944,CUST00097,19-08-2024,103.09,cust00097@example.com
T101838,CUST00090,05-11-2024,114.25,cust00090@example.com
T100708,CUST00024,28-07-2024,123.29,cust00024@example.com
T100255,CUST00008,22-03-2024,174.66,cust00008@example.com
T101617,CUST00074,02-06-2024,92.95,cust00074@example.com
T100389,CUST00013,08-08-2024,217.16,cust00013@example.com
T101581,CUST00071,19-11-2024,71.27,cust00071@example.com
T100924,CUST00032,14-04-2024,152.29,cust00032@example.com
T102508,CUST00134,31-08-2024,107.76,cust00134@example.com
T102036,CUST00103,13-08-2024,49.13,cust00103@example.com
T102654,CUST00155,30-03-2024,76.05,cust00155@example.com
T101224,CUST00045,06-11-2024,151.35,cust00045@example.com
T102549,CUST00138,01-01-2024,33.96,cust00138@example.com
T101946,CUST00097,25-03-2024,75.22,cust00097@example.com
T100739,CUST00026,16-10-2024,144.08,cust00026@example.com
T100040,CUST00002,17-06-2024,100.75,cust00002@example.com
T100868,CUST00031,25-03-2024,226.5,cust00031@example.com
T100539,CUST00018,23-12-2024,101.96,cust00018@example.com
T102775,CUST00175,09-07-2024,55.97,cust00175@example.com
T101371,CUST00055,07-11-2024,54.48,cust00055@example.com
T101145,CUST00041,27-10-2024,229.37,cust00041@example.com
T101031,CUST00036,18-07-2024,181.37,cust00036@example.com
T100372,CUST00012,28-05-2024,96.06,cust00012@example.com
T100667,CUST00023,04-06-2024,107.32,cust00023@example.com
T100357,CUST00012,24-06-2024,179.58,cust00012@example.com
T100967,CUST00034,29-08-2024,130.51,cust00034@example.com
T101353,CUST00054,21-06-2024,98.02,cust00054@example.com
T101035,CUST00037,26-06-2024,198.37,cust00037@example.com
T100470,CUST00016,03-05-2024,82.07,cust00016@example.com
T101396,CUST00056,28-09-2024,74.47,cust00056@example.com
T102895,CUST00193,03-01-2024,82.55,cust00193@example.com
T101549,CUST00069,11-06-2024,90.65,cust00069@example.com
T101256,CUST00047,30-06-2024,56.04,cust00047@example.com
T102094,CUST00107,30-07-2024,62.97,cust00107@example.com
T101555,CUST00069,03-07-2024,56.96,cust00069@example.com
T102860,CUST00187,18-12-2023,82.01,cust00187@example.com
T101250,CUST00046,22-03-2024,103.72,cust00046@example.com
T101699,CUST00078,04-03-2024,83.96,cust00078@example.com
T101252,CUST00046,09-06-2024,49.38,cust00046@example.com
T103076,CUST00219,31-03-2024,86.8,cust00219@example.com
T100079,CUST00003,19-11-2024,99.7,cust00003@example.com
T101172,CUST00042,03-03-2024,187.41,cust00042@example.com
T100814,CUST00029,07-12-2024,227.88,cust00029@example.com
T101852,CUST00091,19-06-2024,108.91,cust00091@example.com
T102220,CUST00116,09-06-2024,96.29,cust00116@example.com
T103285,CUST00289,11-07-2023,18.41,cust00289@example.com
T102105,CUST00108,04-06-2024,65.34,cust00108@example.com
T100133,CUST00005,12-09-2024,137.39,cust00005@example.com
T101140,CUST00041,11-08-2024,220.2,cust00041@example.com
T100933,CUST00033,20-10-2024,169.37,cust00033@example.com
T100928,CUST00032,07-07-2024,187.69,cust00032@example.com
T100823,CUST00029,20-04-2024,147.69,cust00029@example.com
T101531,CUST00068,07-05-2024,88.83,cust00068@example.com
T101214,CUST00044,29-05-2024,197.93,cust00044@example.com
T100504,CUST00017,19-08-2024,196.4,cust00017@example.com
T103277,CUST00285,10-01-2024,36.83,cust00285@example.com
T102395,CUST00127,04-10-2024,67.67,cust00127@example.com
T101996,CUST00100,15-07-2024,116.53,cust00100@example.com
T102434,CUST00129,16-06-2024,116.89,cust00129@example.com
T101958,CUST00098,29-03-2024,90.89,cust00098@example.com
T101384,CUST00056,02-05-2024,92.54,cust00056@example.com
T100894,CUST00031,11-07-2024,193.57,cust00031@example.com
T100828,CUST00029,10-07-2024,205.38,cust00029@example.com
T103226,CUST00266,05-03-2024,25.87,cust00266@example.com
T102523,CUST00135,15-05-2024,68.7,cust00135@example.com
T101683,CUST00077,06-10-2024,105.8,cust00077@example.com
T102844,CUST00185,18-01-2024,64.63,cust00185@example.com
T102827,CUST00182,13-08-2024,35.72,cust00182@example.com
T103082,CUST00220,24-06-2024,42.16,cust00220@example.com
T100652,CUST00022,10-12-2024,179.76,cust00022@example.com
T100172,CUST00006,06-09-2024,167.06,cust00006@example.com
T100038,CUST00002,28-03-2024,196.32,cust00002@example.com
T103159,CUST00240,25-05-2023,28.16,cust00240@example.com
T100713,CUST00025,29-10-2024,150.01,cust00025@example.com
T100090,CUST00004,15-03-2024,100.33,cust00004@example.com
T103264,CUST00280,21-03-2023,50.67,cust00280@example.com
T101205,CUST00044,22-03-2024,210.97,cust00044@example.com
T103275,CUST00284,05-11-2023,51.96,cust00284@example.com
T102856,CUST00187,06-03-2024,43.25,cust00187@example.com
T101827,CUST00089,26-09-2024,117.48,cust00089@example.com
T101155,CUST00042,26-07-2024,207.96,cust00042@example.com
T101324,CUST00051,23-04-2024,118.07,cust00051@example.com
T100216,CUST00007,26-03-2024,135.32,cust00007@example.com
T100510,CUST00017,12-05-2024,184.28,cust00017@example.com
T101680,CUST00077,05-06-2024,67.69,cust00077@example.com
T100499,CUST00017,09-05-2024,247.66,cust00017@example.com
T102740,CUST00170,29-10-2023,51.94,cust00170@example.com
T101856,CUST00091,02-04-2024,100.4,cust00091@example.com
T101388,CUST00056,04-04-2024,117.59,cust00056@example.com
T101519,CUST00066,18-07-2024,114.16,cust00066@example.com
T102386,CUST00126,24-06-2024,69.69,cust00126@example.com
T103007,CUST00209,04-03-2024,30.73,cust00209@example.com
T102076,CUST00105,20-05-2024,59.1,cust00105@example.com
T101540,CUST00068,11-06-2024,96.72,cust00068@example.com
T101217,CUST00044,25-07-2024,195.68,cust00044@example.com
T102681,CUST00160,21-08-2024,80.13,cust00160@example.com
T101416,CUST00058,17-10-2024,43.15,cust00058@example.com
T102217,CUST00116,29-05-2024,62.52,cust00116@example.com
T102784,CUST00176,10-09-2024,81.23,cust00176@example.com
T101676,CUST00077,12-07-2024,46.47,cust00077@example.com
T101197,CUST00043,08-10-2024,244.71,cust00043@example.com
T101542,CUST00068,18-03-2024,85.38,cust00068@example.com
T102539,CUST00137,28-08-2024,76.14,cust00137@example.com
T100953,CUST00033,16-11-2024,235.45,cust00033@example.com
T102635,CUST00152,12-03-2024,69.98,cust00152@example.com
T100750,CUST00026,15-05-2024,99.87,cust00026@example.com
T102705,CUST00163,30-05-2024,78.43,cust00163@example.com
T100234,CUST00008,20-04-2024,113.19,cust00008@example.com
T100732,CUST00025,02-05-2024,193.08,cust00025@example.com
T103306,CUST00298,02-07-2023,31.76,cust00298@example.com
T101156,CUST00042,07-05-2024,106.96,cust00042@example.com
T102843,CUST00184,07-01-2024,87.06,cust00184@example.com
T102445,CUST00130,16-05-2024,64.19,cust00130@example.com
T101209,CUST00044,19-03-2024,249.51,cust00044@example.com
T101065,CUST00038,12-12-2024,205.39,cust00038@example.com
T102156,CUST00111,27-05-2024,51.36,cust00111@example.com
T101062,CUST00038,30-10-2024,210.61,cust00038@example.com
T102616,CUST00148,26-08-2024,51.61,cust00148@example.com
T101167,CUST00042,16-07-2024,166.27,cust00042@example.com
T101492,CUST00064,18-03-2024,58.18,cust00064@example.com
T102979,CUST00206,16-03-2024,88.22,cust00206@example.com
T100884,CUST00031,13-05-2024,215.99,cust00031@example.com
T100143,CUST00005,26-10-2024,131.15,cust00005@example.com
T103251,CUST00276,15-12-2023,20.19,cust00276@example.com
T100850,CUST00030,26-09-2024,91.4,cust00030@example.com
T100717,CUST00025,24-03-2024,244.05,cust00025@example.com
T103140,CUST00234,29-05-2024,31.7,cust00234@example.com
T102502,CUST00134,06-07-2024,85.88,cust00134@example.com
T100264,CUST00008,05-10-2024,229.15,cust00008@example.com
T100075,CUST00003,06-12-2024,203.93,cust00003@example.com
T102492,CUST00133,13-11-2024,100.94,cust00133@example.com
T100395,CUST00013,29-03-2024,238.23,cust00013@example.com
T103166,CUST00244,21-06-2023,56.72,cust00244@example.com
T102224,CUST00116,22-03-2024,40.99,cust00116@example.com
T103095,CUST00221,19-05-2024,70.35,cust00221@example.com
T100396,CUST00013,12-07-2024,225.93,cust00013@example.com
T101365,CUST00054,24-06-2024,50.53,cust00054@example.com
T102763,CUST00174,10-02-2024,56.86,cust00174@example.com
T101903,CUST00094,15-06-2024,42.82,cust00094@example.com
T100595,CUST00020,03-11-2024,160.57,cust00020@example.com
T102109,CUST00108,12-05-2024,118.68,cust00108@example.com
T101296,CUST00049,03-10-2024,53.4,cust00049@example.com
T101821,CUST00088,25-02-2024,49.71,cust00088@example.com
T100872,CUST00031,04-11-2024,189.48,cust00031@example.com
T103217,CUST00263,17-10-2023,15.09,cust00263@example.com
T102326,CUST00123,05-03-2024,105.7,cust00123@example.com
T101548,CUST00069,04-12-2024,43.47,cust00069@example.com
T100036,CUST00002,05-12-2024,131.78,cust00002@example.com
T102710,CUST00164,15-04-2024,76.39,cust00164@example.com
T102794,CUST00178,05-11-2023,56.22,cust00178@example.com
T102143,CUST00111,14-10-2024,65.15,cust00111@example.com
T102825,CUST00182,13-04-2024,80.88,cust00182@example.com
T100977,CUST00034,22-04-2024,88.74,cust00034@example.com
T101571,CUST00070,26-06-2024,53.44,cust00070@example.com
T101122,CUST00040,12-09-2024,226.56,cust00040@example.com
T102239,CUST00117,09-02-2024,59.16,cust00117@example.com
T102504,CUST00134,29-10-2024,56.04,cust00134@example.com
T101892,CUST00093,11-11-2024,104.01,cust00093@example.com
T100675,CUST00023,12-11-2024,247,cust00023@example.com
T100728,CUST00025,11-07-2024,114.28,cust00025@example.com
T100412,CUST00014,18-09-2024,241.6,cust00014@example.com
T101516,CUST00066,24-10-2024,91.8,cust00066@example.com
T101649,CUST00075,15-07-2024,96.7,cust00075@example.com
T100825,CUST00029,01-05-2024,236.38,cust00029@example.com
T100616,CUST00021,22-07-2024,90.38,cust00021@example.com
T100114,CUST00004,19-03-2024,187.68,cust00004@example.com
T100417,CUST00014,02-04-2024,135.87,cust00014@example.com
T101625,CUST00074,09-09-2024,95.2,cust00074@example.com
T102652,CUST00155,01-06-2024,52.19,cust00155@example.com
T103247,CUST00274,08-08-2023,33.54,cust00274@example.com
T100089,CUST00004,23-08-2024,160.28,cust00004@example.com
T102891,CUST00192,09-03-2024,71.62,cust00192@example.com
T102082,CUST00106,16-08-2024,77.11,cust00106@example.com
T100753,CUST00026,26-05-2024,136.93,cust00026@example.com
T102546,CUST00138,08-03-2024,34.66,cust00138@example.com
T101630,CUST00074,26-09-2024,100.49,cust00074@example.com
T100011,CUST00001,14-11-2024,244.88,cust00001@example.com
T102444,CUST00130,09-06-2024,75.24,cust00130@example.com
T100284,CUST00009,24-07-2024,178.31,cust00009@example.com
T101066,CUST00038,12-03-2024,120.59,cust00038@example.com
T101191,CUST00043,07-11-2024,178.97,cust00043@example.com
T101440,CUST00060,19-03-2024,117.59,cust00060@example.com
T103098,CUST00222,19-09-2024,30.5,cust00222@example.com
T103097,CUST00222,26-07-2024,36.11,cust00222@example.com
T102738,CUST00170,08-07-2024,87.77,cust00170@example.com
T102994,CUST00208,26-03-2024,37.9,cust00208@example.com
T101568,CUST00070,22-10-2024,89.91,cust00070@example.com
T102427,CUST00128,20-09-2024,116.47,cust00128@example.com
T102737,CUST00170,31-05-2024,62.67,cust00170@example.com
T102847,CUST00185,28-09-2024,45.06,cust00185@example.com
T101687,CUST00077,30-03-2024,78.96,cust00077@example.com
T100851,CUST00030,10-04-2024,207.49,cust00030@example.com
T102207,CUST00115,29-11-2024,108.67,cust00115@example.com
T100895,CUST00031,17-04-2024,114.85,cust00031@example.com
T100496,CUST00017,09-04-2024,179.22,cust00017@example.com
T102305,CUST00122,09-05-2024,71.76,cust00122@example.com
T101782,CUST00084,10-07-2024,76.92,cust00084@example.com
T100335,CUST00011,14-07-2024,86.92,cust00011@example.com
T100515,CUST00017,05-07-2024,84.48,cust00017@example.com
T101348,CUST00053,10-04-2024,119.01,cust00053@example.com
T101015,CUST00036,06-09-2024,237.29,cust00036@example.com
T103105,CUST00223,12-03-2024,56.06,cust00223@example.com
T103100,CUST00223,06-02-2024,35.56,cust00223@example.com
T101781,CUST00084,10-11-2024,112.14,cust00084@example.com
T102569,CUST00141,21-07-2024,85.75,cust00141@example.com
T101785,CUST00085,03-07-2024,111.61,cust00085@example.com
T102070,CUST00105,01-04-2024,100.54,cust00105@example.com
T100356,CUST00012,04-12-2024,84.51,cust00012@example.com
T103150,CUST00237,15-04-2023,43.36,cust00237@example.com
T101312,CUST00051,07-07-2024,83.81,cust00051@example.com
T101635,CUST00075,18-02-2024,58.77,cust00075@example.com
T100550,CUST00018,17-05-2024,168.43,cust00018@example.com
T102388,CUST00126,10-10-2024,96.45,cust00126@example.com
T102479,CUST00133,25-07-2024,103.54,cust00133@example.com
T102521,CUST00135,21-10-2024,50.75,cust00135@example.com
T102265,CUST00119,06-11-2024,90.5,cust00119@example.com
T101227,CUST00045,26-06-2024,126.62,cust00045@example.com
T102960,CUST00203,04-09-2024,41.71,cust00203@example.com
T100957,CUST00033,19-05-2024,87.98,cust00033@example.com
T101773,CUST00084,04-08-2024,116.43,cust00084@example.com
T102141,CUST00110,24-03-2024,83.26,cust00110@example.com
T101008,CUST00035,24-07-2024,122.44,cust00035@example.com
T101092,CUST00039,06-06-2024,183.32,cust00039@example.com
T102954,CUST00202,20-08-2024,85.26,cust00202@example.com
T102744,CUST00171,22-06-2024,67.34,cust00171@example.com
T100996,CUST00035,03-05-2024,235.94,cust00035@example.com
T101679,CUST00077,09-09-2024,95.6,cust00077@example.com
T100153,CUST00005,17-11-2024,163.21,cust00005@example.com
T103078,CUST00219,01-10-2024,39.29,cust00219@example.com
T100580,CUST00020,22-12-2024,158.05,cust00020@example.com
T101470,CUST00062,24-08-2024,85.36,cust00062@example.com
T100703,CUST00024,07-08-2024,102.85,cust00024@example.com
T101212,CUST00044,04-06-2024,107.82,cust00044@example.com
T100896,CUST00031,18-08-2024,129.84,cust00031@example.com
T100487,CUST00016,12-03-2024,127.76,cust00016@example.com
T100559,CUST00019,09-12-2024,185.45,cust00019@example.com
T101141,CUST00041,28-11-2024,139.13,cust00041@example.com
T101119,CUST00040,23-03-2024,102.02,cust00040@example.com
T100512,CUST00017,30-07-2024,238.56,cust00017@example.com
T100633,CUST00021,02-05-2024,170.46,cust00021@example.com
T102855,CUST00187,31-05-2024,60.36,cust00187@example.com
T101664,CUST00076,05-09-2024,119.37,cust00076@example.com
T101012,CUST00036,07-12-2024,240.49,cust00036@example.com
T101931,CUST00096,14-10-2024,84.92,cust00096@example.com
T101150,CUST00042,10-05-2024,200.42,cust00042@example.com
T102838,CUST00184,02-08-2024,75.66,cust00184@example.com
T103102,CUST00223,09-02-2024,84.87,cust00223@example.com
T100116,CUST00004,30-10-2024,216.62,cust00004@example.com
T100740,CUST00026,18-03-2024,158.66,cust00026@example.com
T103054,CUST00215,07-01-2024,69.41,cust00215@example.com
T101974,CUST00099,13-04-2024,63.9,cust00099@example.com
T101081,CUST00039,23-10-2024,95.2,cust00039@example.com
T101810,CUST00087,03-05-2024,92.82,cust00087@example.com
T100830,CUST00029,04-11-2024,118.18,cust00029@example.com
T100119,CUST00005,01-07-2024,171.69,cust00005@example.com
T100656,CUST00023,01-07-2024,128.24,cust00023@example.com
T103019,CUST00211,23-04-2024,77.03,cust00211@example.com
T102973,CUST00205,09-01-2024,74.07,cust00205@example.com
T103238,CUST00271,18-07-2023,42.73,cust00271@example.com
T100635,CUST00021,15-05-2024,156.06,cust00021@example.com
T100369,CUST00012,12-12-2024,91.79,cust00012@example.com
T100268,CUST00009,27-11-2024,141.11,cust00009@example.com
T102703,CUST00163,20-07-2024,31.02,cust00163@example.com
T100046,CUST00002,20-09-2024,132.99,cust00002@example.com
T100991,CUST00035,29-06-2024,198.1,cust00035@example.com
T100876,CUST00031,21-04-2024,201.72,cust00031@example.com
T100773,CUST00027,05-08-2024,147.54,cust00027@example.com
T101219,CUST00045,16-04-2024,126.45,cust00045@example.com
T101126,CUST00040,30-12-2024,94.79,cust00040@example.com
T100004,CUST00001,21-10-2024,106.52,cust00001@example.com
T101595,CUST00073,22-05-2024,86.27,cust00073@example.com
T102311,CUST00122,22-10-2024,109.94,cust00122@example.com
T103302,CUST00296,09-01-2024,40.16,cust00296@example.com
T102491,CUST00133,27-02-2024,56.26,cust00133@example.com
T101077,CUST00038,22-07-2024,195.54,cust00038@example.com
T100837,CUST00029,21-03-2024,141.61,cust00029@example.com
T100681,CUST00023,07-03-2024,123.84,cust00023@example.com
T101715,CUST00079,10-04-2024,119.59,cust00079@example.com
T102352,CUST00124,24-03-2024,89.01,cust00124@example.com
T102617,CUST00148,21-05-2024,46.22,cust00148@example.com
T102361,CUST00125,26-08-2024,73.76,cust00125@example.com
T102197,CUST00113,12-09-2024,109.17,cust00113@example.com
T101148,CUST00042,09-04-2024,224.6,cust00042@example.com
T100574,CUST00019,08-07-2024,226.6,cust00019@example.com
T100050,CUST00002,01-08-2024,244.83,cust00002@example.com
T100853,CUST00030,20-04-2024,232.67,cust00030@example.com
T101982,CUST00099,04-07-2024,76.65,cust00099@example.com
T102774,CUST00175,05-04-2024,62.79,cust00175@example.com
T101823,CUST00088,28-10-2024,101.97,cust00088@example.com
T100833,CUST00029,31-05-2024,109.99,cust00029@example.com
T101115,CUST00040,28-10-2024,178.61,cust00040@example.com
T101166,CUST00042,16-11-2024,221.46,cust00042@example.com
T102518,CUST00135,20-06-2024,95.02,cust00135@example.com
T101906,CUST00094,25-07-2024,116.65,cust00094@example.com
T100971,CUST00034,01-10-2024,239.26,cust00034@example.com
T102701,CUST00163,31-10-2024,88.56,cust00163@example.com
T100399,CUST00013,17-08-2024,208.27,cust00013@example.com
T102559,CUST00140,02-05-2024,60.04,cust00140@example.com
T102368,CUST00125,06-05-2024,67.45,cust00125@example.com
T100019,CUST00001,31-05-2024,129.51,cust00001@example.com
T100684,CUST00023,21-03-2024,237.99,cust00023@example.com
T100035,CUST00002,14-08-2024,217.43,cust00002@example.com
T103126,CUST00228,05-04-2024,45.28,cust00228@example.com
T102875,CUST00190,13-12-2023,58.58,cust00190@example.com
T100524,CUST00017,05-09-2024,222.52,cust00017@example.com
T102455,CUST00130,19-06-2024,51.14,cust00130@example.com
T100920,CUST00032,25-04-2024,227.64,cust00032@example.com
T101841,CUST00090,16-09-2024,74.57,cust00090@example.com
T101890,CUST00093,31-03-2024,47.93,cust00093@example.com
T100537,CUST00018,15-06-2024,122.05,cust00018@example.com
T102806,CUST00179,09-05-2024,75.44,cust00179@example.com
T101705,CUST00079,07-05-2024,48.45,cust00079@example.com
T103237,CUST00270,27-10-2023,58.19,cust00270@example.com
T100245,CUST00008,31-07-2024,237.81,cust00008@example.com
T100784,CUST00028,08-08-2024,110.87,cust00028@example.com
T101409,CUST00057,27-07-2024,109.46,cust00057@example.com
T102537,CUST00137,25-05-2024,38.57,cust00137@example.com
T100154,CUST00005,25-03-2024,247.56,cust00005@example.com
T101686,CUST00077,08-08-2024,113.82,cust00077@example.com
T102901,CUST00194,30-01-2024,75.93,cust00194@example.com
T100625,CUST00021,08-04-2024,142.72,cust00021@example.com
T102733,CUST00169,19-03-2024,87.47,cust00169@example.com
T103175,CUST00247,04-02-2024,23.35,cust00247@example.com
T101346,CUST00053,10-11-2024,67.67,cust00053@example.com
T100569,CUST00019,11-08-2024,139.2,cust00019@example.com
T103239,CUST00271,03-12-2023,40.06,cust00271@example.com
T101758,CUST00083,14-05-2024,48.78,cust00083@example.com
T101816,CUST00088,08-11-2024,63.64,cust00088@example.com
T102065,CUST00105,20-10-2024,102.9,cust00105@example.com
T100127,CUST00005,10-04-2024,226.32,cust00005@example.com
T103290,CUST00291,03-03-2024,18.01,cust00291@example.com
T102006,CUST00101,19-10-2024,75.98,cust00101@example.com
T100980,CUST00034,05-09-2024,136.82,cust00034@example.com
T103287,CUST00290,02-05-2023,51.16,cust00290@example.com
T100190,CUST00007,07-09-2024,95.83,cust00007@example.com
T101139,CUST00041,26-09-2024,180.71,cust00041@example.com
T100992,CUST00035,26-02-2024,126.26,cust00035@example.com
T100699,CUST00024,23-09-2024,161.79,cust00024@example.com
T100606,CUST00021,02-03-2024,115.08,cust00021@example.com
T100180,CUST00006,24-11-2024,137.98,cust00006@example.com
T100301,CUST00010,29-06-2024,170.33,cust00010@example.com
T102544,CUST00137,23-06-2024,35.32,cust00137@example.com
T103071,CUST00218,02-02-2024,66.6,cust00218@example.com
T101060,CUST00038,12-06-2024,228.53,cust00038@example.com
T103116,CUST00224,11-03-2024,74.32,cust00224@example.com
T103177,CUST00248,08-02-2024,54.68,cust00248@example.com
T102565,CUST00140,19-11-2023,47.72,cust00140@example.com
T101069,CUST00038,22-11-2024,128.83,cust00038@example.com
T102524,CUST00135,31-10-2024,104.35,cust00135@example.com
T102205,CUST00114,09-04-2024,113.45,cust00114@example.com
T101243,CUST00045,28-12-2024,223.61,cust00045@example.com
T100016,CUST00001,19-03-2024,131.72,cust00001@example.com
T103293,CUST00292,18-03-2023,39.38,cust00292@example.com
T100546,CUST00018,05-09-2024,99.3,cust00018@example.com
T100658,CUST00023,08-07-2024,189.81,cust00023@example.com
T102987,CUST00207,26-12-2023,60.29,cust00207@example.com
T103022,CUST00211,28-11-2023,71.13,cust00211@example.com
T101504,CUST00065,10-07-2024,70.42,cust00065@example.com
T100959,CUST00033,01-08-2024,205.47,cust00033@example.com
T102926,CUST00198,17-02-2024,78.4,cust00198@example.com
T102331,CUST00123,01-04-2024,44.76,cust00123@example.com
T100797,CUST00028,05-08-2024,176.07,cust00028@example.com
T100225,CUST00007,13-05-2024,121.48,cust00007@example.com
T102074,CUST00105,12-10-2024,110.37,cust00105@example.com
T101799,CUST00086,21-08-2024,40.97,cust00086@example.com
T102485,CUST00133,31-03-2024,118.48,cust00133@example.com
T103273,CUST00284,21-08-2023,39.1,cust00284@example.com
T102277,CUST00119,04-04-2024,80.5,cust00119@example.com
T102085,CUST00106,03-03-2024,79.83,cust00106@example.com
T101693,CUST00078,23-09-2024,51.71,cust00078@example.com
T102797,CUST00178,16-03-2024,67.34,cust00178@example.com
T101045,CUST00037,05-05-2024,184.7,cust00037@example.com
T100469,CUST00016,15-11-2024,243.75,cust00016@example.com
T100954,CUST00033,24-05-2024,151.19,cust00033@example.com
T103289,CUST00290,21-10-2023,24.16,cust00290@example.com
T102735,CUST00169,15-07-2024,77.11,cust00169@example.com
T100639,CUST00022,30-04-2024,144.14,cust00022@example.com
T103074,CUST00219,17-10-2024,65.86,cust00219@example.com
T101218,CUST00045,11-03-2024,191.27,cust00045@example.com
T101158,CUST00042,26-11-2024,228.21,cust00042@example.com
T101415,CUST00058,05-06-2024,114.93,cust00058@example.com
T102998,CUST00208,22-01-2024,47.4,cust00208@example.com
T101527,CUST00067,16-12-2024,64.58,cust00067@example.com
T103227,CUST00267,25-08-2023,30.94,cust00267@example.com
T101300,CUST00050,26-05-2024,42.53,cust00050@example.com
T103165,CUST00243,10-06-2023,37.1,cust00243@example.com
T102848,CUST00186,01-03-2024,63.84,cust00186@example.com
T101603,CUST00073,21-02-2024,68.4,cust00073@example.com
T100160,CUST00006,28-05-2024,142.52,cust00006@example.com
T101704,CUST00078,25-09-2024,75.16,cust00078@example.com
T100956,CUST00033,11-11-2024,168.22,cust00033@example.com
T102869,CUST00189,11-05-2024,51.18,cust00189@example.com
T103221,CUST00264,06-12-2023,22.26,cust00264@example.com
T100877,CUST00031,05-08-2024,192.02,cust00031@example.com
T101919,CUST00095,02-03-2024,73.01,cust00095@example.com
T102961,CUST00203,24-12-2023,50.72,cust00203@example.com
T101884,CUST00093,05-07-2024,52.81,cust00093@example.com
T102200,CUST00114,03-11-2024,118.14,cust00114@example.com
T100098,CUST00004,06-09-2024,84.32,cust00004@example.com
T103124,CUST00227,24-12-2023,47.97,cust00227@example.com
T102557,CUST00140,02-02-2024,47.97,cust00140@example.com
T100253,CUST00008,25-11-2024,133.88,cust00008@example.com
T100103,CUST00004,03-12-2024,166.46,cust00004@example.com
T101445,CUST00061,11-09-2024,54.17,cust00061@example.com
T101443,CUST00060,07-10-2024,75.5,cust00060@example.com
T101648,CUST00075,27-06-2024,102.56,cust00075@example.com
T100586,CUST00020,11-12-2024,92.9,cust00020@example.com
T100627,CUST00021,17-12-2024,207.07,cust00021@example.com
T101696,CUST00078,23-06-2024,42.06,cust00078@example.com
T102101,CUST00108,21-05-2024,82.64,cust00108@example.com
T102199,CUST00114,20-11-2024,70.43,cust00114@example.com
T100403,CUST00013,09-12-2024,220.5,cust00013@example.com
T101154,CUST00042,05-04-2024,185.16,cust00042@example.com
T102255,CUST00118,10-04-2024,85.74,cust00118@example.com
T102863,CUST00188,19-06-2024,64.9,cust00188@example.com
T101682,CUST00077,15-08-2024,91.28,cust00077@example.com
T102056,CUST00104,03-11-2024,76.98,cust00104@example.com
T103142,CUST00235,28-08-2023,41.3,cust00235@example.com
T100452,CUST00015,11-04-2024,152.12,cust00015@example.com
T102301,CUST00121,12-06-2024,85.76,cust00121@example.com
T101327,CUST00051,23-10-2024,103.18,cust00051@example.com
T102944,CUST00201,19-08-2024,75.54,cust00201@example.com
T102049,CUST00104,10-03-2024,46.54,cust00104@example.com
T100880,CUST00031,03-06-2024,119.28,cust00031@example.com
T103224,CUST00266,15-08-2023,22.46,cust00266@example.com
T100623,CUST00021,17-06-2024,162.37,cust00021@example.com
T102393,CUST00126,02-06-2024,51.41,cust00126@example.com
T103191,CUST00253,22-08-2023,56.12,cust00253@example.com
T101787,CUST00085,10-07-2024,89.11,cust00085@example.com
T100262,CUST00008,11-04-2024,103.81,cust00008@example.com
T101634,CUST00075,22-05-2024,114.17,cust00075@example.com
T101438,CUST00060,29-03-2024,56.15,cust00060@example.com
T102198,CUST00114,31-05-2024,83.73,cust00114@example.com
T101969,CUST00099,24-09-2024,42.1,cust00099@example.com
T102520,CUST00135,10-04-2024,95.4,cust00135@example.com
T101802,CUST00086,25-06-2024,68.26,cust00086@example.com
T100640,CUST00022,15-05-2024,83.41,cust00022@example.com
T103301,CUST00295,21-02-2023,59.87,cust00295@example.com
T102385,CUST00126,18-05-2024,86.58,cust00126@example.com
T102598,CUST00145,03-01-2024,47.06,cust00145@example.com
T103127,CUST00228,09-12-2023,18.65,cust00228@example.com
T101959,CUST00098,28-03-2024,102.85,cust00098@example.com
T102976,CUST00206,02-03-2024,80.34,cust00206@example.com
T100488,CUST00016,17-08-2024,241.57,cust00016@example.com
T101843,CUST00090,28-03-2024,89.04,cust00090@example.com
T101734,CUST00081,31-08-2024,50.46,cust00081@example.com
T102911,CUST00195,04-01-2024,30.09,cust00195@example.com
T100146,CUST00005,22-08-2024,183.63,cust00005@example.com
T101534,CUST00068,11-08-2024,73.08,cust00068@example.com
T101986,CUST00100,16-03-2024,98.24,cust00100@example.com
T101369,CUST00054,31-10-2024,59,cust00054@example.com
T102450,CUST00130,18-09-2024,61.62,cust00130@example.com
T103243,CUST00272,22-02-2024,46.34,cust00272@example.com
T103002,CUST00209,14-01-2024,45.03,cust00209@example.com
T102811,CUST00180,05-08-2024,68.44,cust00180@example.com
T100659,CUST00023,08-08-2024,177.03,cust00023@example.com
T101794,CUST00085,13-07-2024,43.33,cust00085@example.com
T102511,CUST00134,12-03-2024,110.68,cust00134@example.com
T100186,CUST00006,24-11-2024,218.93,cust00006@example.com
T101147,CUST00041,25-04-2024,191.94,cust00041@example.com
T100608,CUST00021,17-07-2024,165.58,cust00021@example.com
T102191,CUST00113,02-07-2024,112.58,cust00113@example.com
T102799,CUST00178,29-02-2024,41.41,cust00178@example.com
T101930,CUST00096,29-06-2024,86.4,cust00096@example.com
T103029,CUST00212,12-03-2024,67.94,cust00212@example.com
T100197,CUST00007,27-04-2024,232.51,cust00007@example.com
T102931,CUST00199,08-01-2024,69.66,cust00199@example.com
T102327,CUST00123,09-11-2024,40.13,cust00123@example.com
T100293,CUST00009,27-12-2024,141.23,cust00009@example.com
T100766,CUST00027,29-12-2024,209.62,cust00027@example.com
T100400,CUST00013,28-09-2024,97.53,cust00013@example.com
T100122,CUST00005,14-05-2024,134.06,cust00005@example.com
T100202,CUST00007,19-05-2024,107.48,cust00007@example.com
T100835,CUST00029,02-08-2024,151.22,cust00029@example.com
T102294,CUST00121,22-10-2024,40.44,cust00121@example.com
T101439,CUST00060,12-03-2024,93.87,cust00060@example.com
T101733,CUST00080,20-03-2024,74.09,cust00080@example.com
T101695,CUST00078,26-10-2024,45.45,cust00078@example.com
T103234,CUST00270,08-08-2023,32.6,cust00270@example.com
T101707,CUST00079,03-04-2024,57.28,cust00079@example.com
T103219,CUST00263,22-08-2023,47.96,cust00263@example.com
T101153,CUST00042,05-12-2024,195.62,cust00042@example.com
T101661,CUST00076,29-08-2024,81.25,cust00076@example.com
T102432,CUST00129,14-04-2024,118.72,cust00129@example.com
T101759,CUST00083,09-04-2024,83.84,cust00083@example.com
T100854,CUST00030,19-05-2024,114.87,cust00030@example.com
T101589,CUST00072,15-05-2024,97.41,cust00072@example.com
T102267,CUST00119,30-10-2024,96.21,cust00119@example.com
T100641,CUST00022,09-08-2024,134.75,cust00022@example.com
T100001,CUST00001,13-08-2024,241.62,cust00001@example.com
T102160,CUST00111,14-03-2024,92.09,cust00111@example.com
T100698,CUST00024,27-03-2024,106.24,cust00024@example.com
T102999,CUST00208,17-10-2024,82.28,cust00208@example.com
T101636,CUST00075,18-11-2024,71.95,cust00075@example.com
T101291,CUST00049,08-10-2024,50.62,cust00049@example.com
T103154,CUST00239,20-02-2024,34.91,cust00239@example.com
T102489,CUST00133,17-03-2024,70.03,cust00133@example.com
T101520,CUST00067,24-08-2024,44.82,cust00067@example.com
T101853,CUST00091,24-03-2024,107.72,cust00091@example.com
T101136,CUST00041,25-08-2024,224.71,cust00041@example.com
T103203,CUST00258,26-02-2024,53.65,cust00258@example.com
T101631,CUST00074,26-10-2024,67.81,cust00074@example.com
T101998,CUST00100,16-11-2024,44.56,cust00100@example.com
T100663,CUST00023,09-04-2024,120.33,cust00023@example.com
T100683,CUST00023,01-05-2024,193.67,cust00023@example.com
T101257,CUST00047,23-06-2024,79.33,cust00047@example.com
T100317,CUST00011,07-11-2024,109.46,cust00011@example.com
T100648,CUST00022,01-05-2024,214.16,cust00022@example.com
T101434,CUST00060,25-09-2024,51.17,cust00060@example.com
T101479,CUST00063,12-11-2024,74.85,cust00063@example.com
T100709,CUST00024,01-09-2024,195.86,cust00024@example.com
T101282,CUST00048,09-08-2024,84.77,cust00048@example.com
T101768,CUST00084,30-05-2024,70.07,cust00084@example.com
T100972,CUST00034,06-10-2024,204.54,cust00034@example.com
T102675,CUST00159,24-01-2024,47.24,cust00159@example.com
T102680,CUST00160,23-03-2024,46.06,cust00160@example.com
T101306,CUST00050,02-04-2024,97.13,cust00050@example.com
T101400,CUST00057,13-06-2024,53.36,cust00057@example.com
T101408,CUST00057,11-07-2024,86.83,cust00057@example.com
T102237,CUST00117,24-07-2024,54.83,cust00117@example.com
T101496,CUST00065,11-08-2024,89.56,cust00065@example.com
T102038,CUST00103,27-09-2024,58.03,cust00103@example.com
T101529,CUST00068,30-09-2024,83.13,cust00068@example.com
T101663,CUST00076,09-04-2024,79.76,cust00076@example.com
T101354,CUST00054,13-09-2024,78.93,cust00054@example.com
T103230,CUST00268,02-06-2024,38.37,cust00268@example.com
T103253,CUST00277,29-05-2024,20.27,cust00277@example.com
T101643,CUST00075,15-02-2024,89.89,cust00075@example.com
T101051,CUST00037,26-06-2024,169.92,cust00037@example.com
T100795,CUST00028,20-07-2024,228.26,cust00028@example.com
T102693,CUST00162,29-02-2024,57.85,cust00162@example.com
T103060,CUST00217,19-04-2024,47.84,cust00217@example.com
T101597,CUST00073,13-07-2024,46.35,cust00073@example.com
T102604,CUST00146,19-09-2024,30.01,cust00146@example.com
T102729,CUST00168,08-05-2024,59.04,cust00168@example.com
T102625,CUST00149,17-12-2023,87.84,cust00149@example.com
T101819,CUST00088,27-08-2024,70.56,cust00088@example.com
T101722,CUST00080,25-08-2024,64.26,cust00080@example.com
T101183,CUST00043,19-05-2024,238.44,cust00043@example.com
T102572,CUST00142,11-02-2024,49.29,cust00142@example.com
T101059,CUST00038,29-02-2024,186.68,cust00038@example.com
T100540,CUST00018,29-06-2024,242.19,cust00018@example.com
T101678,CUST00077,18-09-2024,53.88,cust00077@example.com
T102796,CUST00178,19-05-2024,34.38,cust00178@example.com
T103192,CUST00254,25-08-2023,57.88,cust00254@example.com
T102532,CUST00136,11-03-2024,47.68,cust00136@example.com
T101757,CUST00083,01-05-2024,79.03,cust00083@example.com
T101923,CUST00095,24-02-2024,68.44,cust00095@example.com
T100095,CUST00004,04-03-2024,163.95,cust00004@example.com
T101020,CUST00036,23-10-2024,198.56,cust00036@example.com
T100563,CUST00019,10-11-2024,82.47,cust00019@example.com
T102790,CUST00177,15-02-2024,72.7,cust00177@example.com
T100863,CUST00030,30-10-2024,154.93,cust00030@example.com
T101484,CUST00064,15-10-2024,65.97,cust00064@example.com
T102939,CUST00200,16-04-2024,32.55,cust00200@example.com
T101881,CUST00093,06-09-2024,109.87,cust00093@example.com
T101038,CUST00037,13-08-2024,91.11,cust00037@example.com
T100206,CUST00007,30-04-2024,97.25,cust00007@example.com
T100392,CUST00013,02-07-2024,143.24,cust00013@example.com
T102842,CUST00184,04-09-2024,85.11,cust00184@example.com
T100870,CUST00031,15-11-2024,143.46,cust00031@example.com
T100397,CUST00013,14-12-2024,152.93,cust00013@example.com
T102814,CUST00180,28-04-2024,63.91,cust00180@example.com
T103181,CUST00249,11-04-2024,28.01,cust00249@example.com
T101028,CUST00036,26-10-2024,134.25,cust00036@example.com
T102690,CUST00161,25-11-2023,61.86,cust00161@example.com
T101485,CUST00064,09-08-2024,69.32,cust00064@example.com
T102660,CUST00156,28-05-2024,58.34,cust00156@example.com
T100960,CUST00033,18-12-2024,94.08,cust00033@example.com
T101570,CUST00070,05-11-2024,86.93,cust00070@example.com
T102773,CUST00175,14-03-2024,57.58,cust00175@example.com
T101895,CUST00093,28-08-2024,98.65,cust00093@example.com
T102731,CUST00168,19-07-2024,58.43,cust00168@example.com
T102146,CUST00111,27-08-2024,76.74,cust00111@example.com
T100804,CUST00028,15-05-2024,152.1,cust00028@example.com
T101751,CUST00083,19-05-2024,57.22,cust00083@example.com
T102454,CUST00130,26-03-2024,86.44,cust00130@example.com
T100502,CUST00017,07-05-2024,132.62,cust00017@example.com
T103119,CUST00225,25-06-2024,42.86,cust00225@example.com
T103104,CUST00223,27-02-2024,45.52,cust00223@example.com
T102977,CUST00206,08-02-2024,30.69,cust00206@example.com
T100779,CUST00027,20-09-2024,189,cust00027@example.com
T101863,CUST00091,13-10-2024,83.6,cust00091@example.com
T100200,CUST00007,07-11-2024,189.15,cust00007@example.com
T102182,CUST00113,21-05-2024,42.66,cust00113@example.com
T103099,CUST00222,26-08-2024,56.01,cust00222@example.com
T102088,CUST00106,22-05-2024,105.77,cust00106@example.com
T103065,CUST00218,04-03-2024,46.04,cust00218@example.com
T102278,CUST00119,16-05-2024,90.73,cust00119@example.com
T101796,CUST00086,04-06-2024,97.31,cust00086@example.com
T100378,CUST00012,05-12-2024,218.46,cust00012@example.com
T102336,CUST00123,26-02-2024,76.5,cust00123@example.com
T100418,CUST00014,24-03-2024,194.33,cust00014@example.com
T101698,CUST00078,28-03-2024,117.05,cust00078@example.com
T100391,CUST00013,08-08-2024,150.15,cust00013@example.com
T102640,CUST00153,21-07-2024,47.88,cust00153@example.com
T101522,CUST00067,04-05-2024,68.13,cust00067@example.com
T101162,CUST00042,02-11-2024,136.97,cust00042@example.com
T103134,CUST00231,05-12-2023,24.01,cust00231@example.com
T101495,CUST00065,26-05-2024,93.46,cust00065@example.com
T102695,CUST00162,30-07-2024,61.14,cust00162@example.com
T102027,CUST00103,10-04-2024,118.5,cust00103@example.com
T101152,CUST00042,05-09-2024,198.57,cust00042@example.com
T101367,CUST00054,12-04-2024,112.72,cust00054@example.com
T102568,CUST00141,27-01-2024,78.21,cust00141@example.com
T100064,CUST00003,24-03-2024,127.76,cust00003@example.com
T102062,CUST00105,04-07-2024,104.51,cust00105@example.com
T101180,CUST00043,28-10-2024,243.71,cust00043@example.com
T103112,CUST00224,15-07-2024,72.84,cust00224@example.com
T100492,CUST00016,29-04-2024,127.15,cust00016@example.com
T100379,CUST00012,28-04-2024,127.92,cust00012@example.com
T102235,CUST00117,21-09-2024,87.46,cust00117@example.com
T100763,CUST00026,31-08-2024,206.47,cust00026@example.com
T102264,CUST00119,29-02-2024,88.57,cust00119@example.com
T100791,CUST00028,28-07-2024,179.66,cust00028@example.com
T101076,CUST00038,05-12-2024,145.34,cust00038@example.com
T100878,CUST00031,16-04-2024,84.61,cust00031@example.com
T100337,CUST00011,19-08-2024,199.62,cust00011@example.com
T102767,CUST00175,19-07-2024,44.51,cust00175@example.com
T102343,CUST00124,13-10-2024,68.38,cust00124@example.com
T101016,CUST00036,05-07-2024,110.7,cust00036@example.com
T101275,CUST00048,23-04-2024,48.39,cust00048@example.com
T100455,CUST00015,15-11-2024,163.75,cust00015@example.com
T100815,CUST00029,29-09-2024,168.2,cust00029@example.com
T102317,CUST00122,24-02-2024,71.57,cust00122@example.com
T100995,CUST00035,16-08-2024,95.57,cust00035@example.com
T101981,CUST00099,29-10-2024,104.21,cust00099@example.com
T100201,CUST00007,06-11-2024,94.3,cust00007@example.com
T100161,CUST00006,13-09-2024,187.49,cust00006@example.com
T101579,CUST00071,09-04-2024,83.74,cust00071@example.com
T102777,CUST00176,13-12-2023,39.94,cust00176@example.com
T102449,CUST00130,20-04-2024,67.4,cust00130@example.com
T100702,CUST00024,23-04-2024,137.22,cust00024@example.com
T101500,CUST00065,15-06-2024,81.53,cust00065@example.com
T101129,CUST00041,18-08-2024,124.16,cust00041@example.com
T102613,CUST00148,17-06-2024,74.45,cust00148@example.com
T101021,CUST00036,13-11-2024,130.55,cust00036@example.com
T103073,CUST00219,19-07-2024,46.27,cust00219@example.com
T101585,CUST00072,19-07-2024,50.92,cust00072@example.com
T101955,CUST00098,20-02-2024,114.65,cust00098@example.com
T103152,CUST00238,20-09-2023,46.75,cust00238@example.com
T102253,CUST00118,26-03-2024,106.34,cust00118@example.com
T100034,CUST00001,12-11-2024,244.16,cust00001@example.com
T100775,CUST00027,12-05-2024,105.49,cust00027@example.com
T102556,CUST00140,13-01-2024,61.35,cust00140@example.com
T101478,CUST00063,01-08-2024,103.83,cust00063@example.com
T103003,CUST00209,26-03-2024,67.49,cust00209@example.com
T101390,CUST00056,28-11-2024,58.88,cust00056@example.com
T102139,CUST00110,15-05-2024,108.65,cust00110@example.com
T101363,CUST00054,15-03-2024,90.52,cust00054@example.com
T102945,CUST00201,13-04-2024,36.15,cust00201@example.com
T102612,CUST00148,04-01-2024,44.81,cust00148@example.com
T102824,CUST00182,25-06-2024,49.3,cust00182@example.com
T102041,CUST00103,16-04-2024,84.9,cust00103@example.com
T100241,CUST00008,23-12-2024,242.17,cust00008@example.com
T102061,CUST00105,25-09-2024,81,cust00105@example.com
T102363,CUST00125,01-07-2024,78.88,cust00125@example.com
T100600,CUST00020,26-06-2024,108.72,cust00020@example.com
T102435,CUST00129,11-08-2024,71.16,cust00129@example.com
T101297,CUST00050,29-07-2024,48.37,cust00050@example.com
T102214,CUST00115,17-05-2024,98.13,cust00115@example.com
T102888,CUST00192,24-02-2024,78.65,cust00192@example.com
T102068,CUST00105,12-04-2024,53.18,cust00105@example.com
T100646,CUST00022,08-05-2024,180.91,cust00022@example.com
T103202,CUST00258,09-01-2024,23.72,cust00258@example.com
T101528,CUST00067,05-04-2024,104.24,cust00067@example.com
T102879,CUST00190,22-03-2024,41.17,cust00190@example.com
T101267,CUST00047,03-05-2024,78.4,cust00047@example.com
T101899,CUST00094,30-06-2024,102.7,cust00094@example.com
T100562,CUST00019,09-12-2024,103.18,cust00019@example.com
T103276,CUST00285,28-11-2023,52.95,cust00285@example.com
T102734,CUST00169,23-04-2024,86.56,cust00169@example.com
T103005,CUST00209,05-01-2024,79.97,cust00209@example.com
T100189,CUST00006,10-08-2024,121.11,cust00006@example.com
T101806,CUST00087,16-07-2024,92.91,cust00087@example.com
T100975,CUST00034,20-06-2024,124.58,cust00034@example.com
T102747,CUST00172,01-09-2024,38.82,cust00172@example.com
T102047,CUST00104,31-07-2024,96.63,cust00104@example.com
T102558,CUST00140,17-08-2024,34.61,cust00140@example.com
T101082,CUST00039,16-06-2024,150.99,cust00039@example.com
T100474,CUST00016,09-06-2024,169.71,cust00016@example.com
T102904,CUST00194,16-07-2024,61.35,cust00194@example.com
T100747,CUST00026,07-09-2024,172.4,cust00026@example.com
T102300,CUST00121,03-08-2024,104.21,cust00121@example.com
T100021,CUST00001,16-05-2024,103.71,cust00001@example.com
T100459,CUST00016,05-11-2024,100.2,cust00016@example.com
T101184,CUST00043,08-05-2024,97.43,cust00043@example.com
T102324,CUST00123,15-02-2024,105.9,cust00123@example.com
T100955,CUST00033,12-11-2024,145.13,cust00033@example.com
T101215,CUST00044,05-12-2024,117.53,cust00044@example.com
T102433,CUST00129,08-11-2024,63.07,cust00129@example.com
T102853,CUST00186,10-10-2024,85.09,cust00186@example.com
T101515,CUST00066,17-05-2024,40.61,cust00066@example.com
T102391,CUST00126,29-06-2024,53.35,cust00126@example.com
T100769,CUST00027,04-05-2024,219.61,cust00027@example.com
T101685,CUST00077,27-09-2024,108.96,cust00077@example.com
T100130,CUST00005,29-10-2024,150.96,cust00005@example.com
T102919,CUST00197,30-07-2024,48.18,cust00197@example.com
T103171,CUST00245,29-05-2024,26.71,cust00245@example.com
T102135,CUST00110,01-12-2024,111.22,cust00110@example.com
T101482,CUST00063,08-05-2024,83.56,cust00063@example.com
T100330,CUST00011,14-11-2024,140.52,cust00011@example.com
T101238,CUST00045,30-09-2024,244.59,cust00045@example.com
T100466,CUST00016,29-11-2024,128.57,cust00016@example.com
T102169,CUST00112,01-05-2024,66.01,cust00112@example.com
T101638,CUST00075,18-04-2024,119.4,cust00075@example.com
T103092,CUST00221,18-09-2024,53.94,cust00221@example.com
T101095,CUST00039,25-06-2024,110.01,cust00039@example.com
T101130,CUST00041,26-09-2024,202.98,cust00041@example.com
T101294,CUST00049,02-05-2024,104.05,cust00049@example.com
T100860,CUST00030,06-08-2024,211.84,cust00030@example.com
T103174,CUST00246,09-03-2024,18.17,cust00246@example.com
